name,gender
john,1
william,1
james,1
charles,1
george,1
frank,1
joseph,1
thomas,1
henry,1
robert,1
edward,1
harry,1
walter,1
arthur,1
fred,1
albert,1
samuel,1
david,1
louis,1
joe,1
charlie,1
clarence,1
richard,1
andrew,1
daniel,1
ernest,1
will,1
jesse,1
oscar,1
lewis,1
peter,1
benjamin,1
frederick,1
willie,1
alfred,1
sam,1
roy,1
herbert,1
jacob,1
tom,1
elmer,1
carl,1
lee,1
howard,1
martin,1
michael,1
bert,1
herman,1
jim,1
francis,1
harvey,1
earl,1
eugene,1
ralph,1
ed,1
claude,1
edwin,1
ben,1
charley,1
paul,1
edgar,1
isaac,1
otto,1
luther,1
lawrence,1
ira,1
patrick,1
guy,1
oliver,1
theodore,1
hugh,1
clyde,1
alexander,1
august,1
floyd,1
homer,1
jack,1
leonard,1
horace,1
marion,1
philip,1
allen,1
archie,1
stephen,1
chester,1
willis,1
raymond,1
rufus,1
warren,1
jessie,1
milton,1
alex,1
leo,1
julius,1
ray,1
sidney,1
bernard,1
dan,1
jerry,1
calvin,1
perry,1
dave,1
anthony,1
eddie,1
amos,1
dennis,1
clifford,1
leroy,1
wesley,1
alonzo,1
garfield,1
franklin,1
emil,1
leon,1
nathan,1
harold,1
matthew,1
levi,1
moses,1
everett,1
lester,1
winfield,1
adam,1
lloyd,1
mack,1
fredrick,1
jay,1
jess,1
melvin,1
noah,1
aaron,1
alvin,1
norman,1
gilbert,1
elijah,1
victor,1
gus,1
nelson,1
jasper,1
silas,1
christopher,1
jake,1
mike,1
percy,1
adolph,1
maurice,1
cornelius,1
felix,1
reuben,1
wallace,1
claud,1
roscoe,1
sylvester,1
earnest,1
hiram,1
otis,1
simon,1
willard,1
irvin,1
mark,1
jose,1
wilbur,1
abraham,1
virgil,1
clinton,1
elbert,1
leslie,1
marshall,1
owen,1
wiley,1
anton,1
morris,1
manuel,1
phillip,1
augustus,1
emmett,1
eli,1
nicholas,1
wilson,1
alva,1
harley,1
newton,1
timothy,1
marvin,1
ross,1
curtis,1
edmund,1
jeff,1
elias,1
harrison,1
stanley,1
columbus,1
lon,1
ora,1
ollie,1
russell,1
pearl,1
solomon,1
arch,1
asa,1
clayton,1
enoch,1
irving,1
mathew,1
nathaniel,1
scott,1
hubert,1
lemuel,1
andy,1
ellis,1
emanuel,1
joshua,1
millard,1
vernon,1
wade,1
cyrus,1
miles,1
rudolph,1
sherman,1
austin,1
bill,1
chas,1
lonnie,1
monroe,1
byron,1
edd,1
emery,1
grant,1
jerome,1
max,1
mose,1
steve,1
gordon,1
abe,1
pete,1
chris,1
clark,1
gustave,1
orville,1
lorenzo,1
bruce,1
marcus,1
preston,1
bob,1
dock,1
donald,1
jackson,1
cecil,1
barney,1
delbert,1
edmond,1
anderson,1
christian,1
glenn,1
jefferson,1
luke,1
neal,1
burt,1
ike,1
myron,1
tony,1
conrad,1
joel,1
matt,1
riley,1
vincent,1
emory,1
isaiah,1
nick,1
ezra,1
green,1
juan,1
clifton,1
lucius,1
porter,1
arnold,1
bud,1
jeremiah,1
taylor,1
forrest,1
roland,1
spencer,1
burton,1
don,1
emmet,1
gustav,1
louie,1
morgan,1
ned,1
van,1
ambrose,1
chauncey,1
elisha,1
ferdinand,1
general,1
julian,1
kenneth,1
mitchell,1
allie,1
josh,1
judson,1
lyman,1
napoleon,1
pedro,1
berry,1
dewitt,1
ervin,1
forest,1
lynn,1
pink,1
ruben,1
sanford,1
ward,1
douglas,1
ole,1
omer,1
ulysses,1
walker,1
wilbert,1
adelbert,1
benjiman,1
ivan,1
jonas,1
major,1
abner,1
archibald,1
caleb,1
clint,1
dudley,1
granville,1
king,1
mary,1
merton,1
antonio,1
bennie,1
carroll,1
freeman,1
josiah,1
milo,1
royal,1
dick,1
earle,1
elza,1
emerson,1
fletcher,1
judge,1
laurence,1
neil,1
roger,1
seth,1
glen,1
hugo,1
jimmie,1
johnnie,1
washington,1
elwood,1
gust,1
harmon,1
jordan,1
simeon,1
wayne,1
wilber,1
clem,1
evan,1
frederic,1
irwin,1
junius,1
lafayette,1
loren,1
madison,1
mason,1
orval,1
abram,1
aubrey,1
elliott,1
hans,1
karl,1
minor,1
wash,1
wilfred,1
allan,1
alphonse,1
dallas,1
dee,1
isiah,1
jason,1
johnny,1
lawson,1
lew,1
micheal,1
orin,1
addison,1
cal,1
erastus,1
francisco,1
hardy,1
lucien,1
randolph,1
stewart,1
vern,1
wilmer,1
zack,1
adrian,1
alvah,1
bertram,1
clay,1
ephraim,1
fritz,1
giles,1
grover,1
harris,1
isom,1
jesus,1
johnie,1
jonathan,1
lucian,1
malcolm,1
merritt,1
otho,1
perley,1
rolla,1
sandy,1
tomas,1
wilford,1
adolphus,1
angus,1
arther,1
carlos,1
cary,1
cassius,1
davis,1
hamilton,1
harve,1
israel,1
leander,1
melville,1
merle,1
murray,1
pleasant,1
sterling,1
steven,1
axel,1
boyd,1
bryant,1
clement,1
erwin,1
ezekiel,1
foster,1
frances,1
geo,1
houston,1
issac,1
jules,1
larkin,1
mat,1
morton,1
orlando,1
pierce,1
prince,1
rollie,1
rollin,1
sim,1
stuart,1
wilburn,1
bennett,1
casper,1
christ,1
dell,1
egbert,1
elmo,1
fay,1
gabriel,1
hector,1
horatio,1
lige,1
saul,1
smith,1
squire,1
tobe,1
tommie,1
wyatt,1
alford,1
alma,1
alton,1
andres,1
burl,1
cicero,1
dean,1
dorsey,1
enos,1
howell,1
lou,1
loyd,1
mahlon,1
nat,1
omar,1
oran,1
parker,1
raleigh,1
reginald,1
rubin,1
seymour,1
wm,1
young,1
benjamine,1
carey,1
carlton,1
eldridge,1
elzie,1
garrett,1
isham,1
johnson,1
larry,1
logan,1
merrill,1
mont,1
oren,1
pierre,1
rex,1
rodney,1
ted,1
webster,1
west,1
wheeler,1
willam,1
al,1
aloysius,1
alvie,1
anna,1
art,1
augustine,1
bailey,1
benjaman,1
beverly,1
bishop,1
clair,1
cloyd,1
coleman,1
dana,1
duncan,1
dwight,1
emile,1
evert,1
henderson,1
hunter,1
jean,1
lem,1
luis,1
mathias,1
maynard,1
miguel,1
mortimer,1
nels,1
norris,1
pat,1
phil,1
rush,1
santiago,1
sol,1
sydney,1
thaddeus,1
thornton,1
tim,1
travis,1
truman,1
watson,1
webb,1
wellington,1
winfred,1
wylie,1
alec,1
basil,1
baxter,1
bertrand,1
buford,1
burr,1
cleveland,1
colonel,1
dempsey,1
early,1
ellsworth,1
fate,1
finley,1
gabe,1
garland,1
gerald,1
herschel,1
hezekiah,1
justus,1
lindsey,1
marcellus,1
olaf,1
olin,1
pablo,1
rolland,1
turner,1
verne,1
volney,1
williams,1
almon,1
alois,1
alonza,1
anson,1
authur,1
benton,1
billie,1
cornelious,1
darius,1
denis,1
dillard,1
doctor,1
elvin,1
emma,1
eric,1
evans,1
gideon,1
haywood,1
hilliard,1
hosea,1
lincoln,1
lonzo,1
lucious,1
lum,1
malachi,1
newt,1
noel,1
orie,1
palmer,1
pinkney,1
shirley,1
sumner,1
terry,1
urban,1
uriah,1
valentine,1
waldo,1
warner,1
wong,1
zeb,1
abel,1
alden,1
archer,1
avery,1
carson,1
cullen,1
doc,1
eben,1
elige,1
elizabeth,1
elmore,1
ernst,1
finis,1
freddie,1
godfrey,1
guss,1
hamp,1
hermann,1
isadore,1
isreal,1
jones,1
june,1
lacy,1
lafe,1
leland,1
llewellyn,1
ludwig,1
manford,1
maxwell,1
minnie,1
obie,1
octave,1
orrin,1
ossie,1
oswald,1
park,1
parley,1
ramon,1
rice,1
stonewall,1
theo,1
tillman,1
addie,1
aron,1
ashley,1
bernhard,1
bertie,1
berton,1
buster,1
butler,1
carleton,1
carrie,1
clara,1
clarance,1
clare,1
crawford,1
danial,1
dayton,1
dolphus,1
elder,1
ephriam,1
fayette,1
felipe,1
fernando,1
flem,1
florence,1
ford,1
harlan,1
hayes,1
henery,1
hoy,1
huston,1
ida,1
ivory,1
jonah,1
justin,1
lenard,1
leopold,1
lionel,1
manley,1
marquis,1
marshal,1
mart,1
odie,1
olen,1
oral,1
orley,1
otha,1
press,1
price,1
quincy,1
randall,1
rich,1
richmond,1
romeo,1
russel,1
rutherford,1
shade,1
shelby,1
solon,1
thurman,1
tilden,1
troy,1
woodson,1
worth,1
aden,1
alcide,1
alf,1
algie,1
arlie,1
bart,1
bedford,1
benito,1
billy,1
bird,1
birt,1
bruno,1
burley,1
chancy,1
claus,1
cliff,1
clovis,1
connie,1
creed,1
delos,1
duke,1
eber,1
eligah,1
elliot,1
elton,1
emmitt,1
gene,1
golden,1
hal,1
hardin,1
harman,1
hervey,1
hollis,1
ivey,1
jennie,1
len,1
lindsay,1
lonie,1
lyle,1
mac,1
mal,1
math,1
miller,1
orson,1
osborne,1
percival,1
pleas,1
ples,1
rafael,1
raoul,1
roderick,1
rose,1
shelton,1
sid,1
theron,1
tobias,1
toney,1
tyler,1
vance,1
vivian,1
walton,1
watt,1
weaver,1
wilton,1
adolf,1
albin,1
albion,1
allison,1
alpha,1
alpheus,1
anastacio,1
andre,1
annie,1
arlington,1
armand,1
asberry,1
asbury,1
asher,1
augustin,1
auther,1
author,1
ballard,1
blas,1
caesar,1
candido,1
cato,1
clarke,1
clemente,1
colin,1
commodore,1
cora,1
coy,1
cruz,1
curt,1
damon,1
davie,1
delmar,1
dexter,1
dora,1
doss,1
drew,1
edson,1
elam,1
elihu,1
eliza,1
elsie,1
erie,1
ernie,1
ethel,1
ferd,1
friend,1
garry,1
gary,1
grace,1
gustaf,1
hallie,1
hampton,1
harrie,1
hattie,1
hence,1
hillard,1
hollie,1
holmes,1
hope,1
hyman,1
ishmael,1
jarrett,1
jessee,1
joeseph,1
junious,1
kirk,1
levy,1
mervin,1
michel,1
milford,1
mitchel,1
nellie,1
noble,1
obed,1
oda,1
orren,1
ottis,1
rafe,1
redden,1
reese,1
rube,1
ruby,1
rupert,1
salomon,1
sammie,1
sanders,1
soloman,1
stacy,1
stanford,1
stanton,1
thad,1
titus,1
tracy,1
vernie,1
wendell,1
wilhelm,1
willian,1
yee,1
zeke,1
ab,1
abbott,1
agustus,1
albertus,1
almer,1
alphonso,1
alvia,1
artie,1
arvid,1
ashby,1
augusta,1
aurthur,1
babe,1
baldwin,1
barnett,1
bartholomew,1
barton,1
bernie,1
blaine,1
boston,1
brad,1
bradford,1
bradley,1
brooks,1
buck,1
budd,1
ceylon,1
chalmers,1
chesley,1
chin,1
cleo,1
crockett,1
cyril,1
daisy,1
denver,1
dow,1
duff,1
edie,1
edith,1
elick,1
elie,1
eliga,1
eliseo,1
elroy,1
ely,1
ennis,1
enrique,1
erasmus,1
esau,1
everette,1
firman,1
fleming,1
flora,1
gardner,1
gee,1
gorge,1
gottlieb,1
gregorio,1
gregory,1
gustavus,1
halsey,1
handy,1
hardie,1
harl,1
hayden,1
hays,1
hermon,1
hershel,1
holly,1
hosteen,1
hoyt,1
hudson,1
huey,1
humphrey,1
hunt,1
hyrum,1
irven,1
isam,1
ivy,1
jabez,1
jewel,1
jodie,1
judd,1
julious,1
justice,1
katherine,1
kelly,1
kit,1
knute,1
lavern,1
lawyer,1
layton,1
brown,1
newell,1
carter,1
lucas,1
ransom,1
bee,1
meyer,1
paris,1
byrd,1
deforest,1
dolph,1
harper,1
jule,1
lambert,1
margaret,1
ocie,1
orange,1
reece,1
roe,1
ambers,1
bessie,1
collins,1
elbridge,1
eldon,1
elvis,1
gaston,1
guadalupe,1
hartwell,1
knox,1
lue,1
manning,1
ola,1
reed,1
sampson,1
samual,1
thos,1
todd,1
tommy,1
unknown,1
wirt,1
woodie,1
alice,1
alvis,1
ammon,1
boss,1
cas,1
cass,1
chalmer,1
denton,1
elsworth,1
erving,1
fredric,1
furman,1
helen,1
pearlie,1
plummer,1
presley,1
rollo,1
roswell,1
ruffus,1
sheldon,1
tilman,1
york,1
acie,1
alfonso,1
ashton,1
burke,1
cap,1
casimiro,1
collie,1
curley,1
dale,1
dixon,1
dominick,1
garret,1
gerrit,1
griffin,1
hall,1
heber,1
hurley,1
isidore,1
lorenza,1
marian,1
maud,1
maude,1
murphy,1
obe,1
orla,1
orlo,1
orrie,1
sebastian,1
starling,1
tolbert,1
whit,1
adrien,1
alto,1
angelo,1
antone,1
arden,1
atticus,1
belton,1
bertha,1
blair,1
burrell,1
callie,1
campbell,1
champ,1
coley,1
conway,1
craig,1
dalton,1
darrell,1
darwin,1
dennie,1
ebb,1
ebbie,1
edna,1
ellison,1
elonzo,1
emit,1
emry,1
ephram,1
esequiel,1
essie,1
esta,1
evertt,1
garner,1
garnett,1
graham,1
gregg,1
halbert,1
harvie,1
harvy,1
hubbard,1
jared,1
jere,1
joesph,1
johnathan,1
juluis,1
kirby,1
kyle,1
lane,1
lawerence,1
less,1
linwood,1
louise,1
lowell,1
loy,1
lucy,1
manly,1
mannie,1
marcel,1
marius,1
marrion,1
mercer,1
monte,1
montgomery,1
nolan,1
okey,1
page,1
philo,1
primus,1
prosper,1
pryor,1
rene,1
robin,1
roll,1
seward,1
shannon,1
talmage,1
vaughn,1
verner,1
waverly,1
weldon,1
wells,1
wiliam,1
wing,1
wood,1
wright,1
add,1
adelard,1
cleve,1
linus,1
martha,1
reinhold,1
junior,1
ace,1
armstead,1
benedict,1
brice,1
gibson,1
may,1
mills,1
adolfo,1
alanzo,1
antoine,1
ethan,1
eustace,1
ewing,1
fernand,1
fisher,1
gail,1
harland,1
hilary,1
hosie,1
lemon,1
lora,1
marsh,1
newman,1
nickolas,1
olie,1
pearley,1
roman,1
rome,1
rowland,1
shelly,1
vicente,1
weston,1
alan,1
alberto,1
alexis,1
auguste,1
bascom,1
cameron,1
camille,1
clabe,1
cooper,1
domingo,1
elwin,1
emilio,1
french,1
gerhard,1
hansford,1
jarvis,1
jobe,1
josephus,1
landon,1
lennie,1
leonidas,1
lesley,1
lillian,1
linn,1
littleton,1
lone,1
margarito,1
mattie,1
melton,1
ott,1
randle,1
seaborn,1
severt,1
steward,1
sylvanus,1
theadore,1
theophile,1
vester,1
wenzel,1
alby,1
alcee,1
almond,1
alvy,1
amon,1
ansel,1
bayard,1
benny,1
bluford,1
booker,1
burnett,1
burney,1
caswell,1
claudie,1
conley,1
cortez,1
dionicio,1
donnie,1
eldred,1
ell,1
ellery,1
ellwood,1
elva,1
emmit,1
erle,1
essex,1
ewell,1
ewin,1
fabian,1
florencio,1
fremont,1
gaines,1
garnet,1
gaylord,1
german,1
greene,1
brady,1
festus,1
jewell,1
odell,1
rosco,1
bernice,1
chauncy,1
delmer,1
effie,1
ellie,1
jimmy,1
lars,1
milas,1
miner,1
rogers,1
sarah,1
wess,1
woody,1
bryan,1
douglass,1
hilton,1
irvine,1
isidor,1
jeptha,1
mabel,1
malcom,1
mell,1
olof,1
robt,1
ronald,1
simpson,1
spurgeon,1
tandy,1
thurlow,1
toy,1
winston,1
zeno,1
alphonsus,1
alvan,1
amado,1
ananias,1
ancel,1
atlas,1
banks,1
barry,1
blake,1
blanchard,1
bose,1
captain,1
ceasar,1
chance,1
chancey,1
charle,1
clide,1
dink,1
ella,1
emett,1
erick,1
estill,1
fenton,1
gale,1
gay,1
grove,1
hanson,1
harlie,1
harlow,1
haskell,1
ingram,1
iva,1
jep,1
joy,1
lessie,1
lillie,1
linton,1
linzy,1
little,1
loney,1
loring,1
lovie,1
lute,1
mace,1
matthias,1
meredith,1
benjamen,1
jens,1
oakley,1
whitney,1
donaciano,1
hayward,1
loran,1
love,1
son,1
tollie,1
vollie,1
bonnie,1
catherine,1
ebenezer,1
ewald,1
herb,1
julia,1
silvester,1
stafford,1
sullivan,1
thurston,1
wayman,1
wes,1
winnie,1
burrel,1
cleon,1
dozier,1
elden,1
fulton,1
helmer,1
hill,1
hjalmer,1
ignatz,1
kelley,1
marlin,1
moody,1
myrtle,1
namon,1
odin,1
odis,1
oley,1
osborn,1
osie,1
prentice,1
purl,1
roby,1
shep,1
simmie,1
stanislaus,1
vander,1
zollie,1
abb,1
ah,1
aleck,1
beecher,1
blain,1
bowman,1
bunk,1
burgess,1
carol,1
charly,1
clell,1
cody,1
lamar,1
worley,1
arley,1
nicolas,1
terence,1
claire,1
earley,1
elzy,1
fielding,1
gertrude,1
nora,1
norton,1
clemens,1
earlie,1
ellen,1
epifanio,1
glover,1
lark,1
laurance,1
leigh,1
braxton,1
cleave,1
colon,1
constantine,1
dominic,1
emiliano,1
fleet,1
franklyn,1
hobart,1
josephine,1
laverne,1
lillard,1
lim,1
merlin,1
milan,1
nim,1
norbert,1
north,1
orland,1
orvis,1
reason,1
rob,1
virge,1
zenas,1
ada,1
alejandro,1
atha,1
audie,1
boyce,1
brent,1
burdette,1
cash,1
chase,1
clive,1
courtney,1
cris,1
dawson,1
drury,1
duane,1
elon,1
estevan,1
fitzhugh,1
fount,1
gray,1
terrence,1
bartley,1
shedrick,1
dixie,1
ignacio,1
merl,1
nehemiah,1
norwood,1
raphael,1
reno,1
rudy,1
rueben,1
sylvan,1
virgle,1
charls,1
cole,1
elby,1
ferman,1
fern,1
florian,1
fuller,1
gorden,1
gussie,1
ham,1
hazel,1
ignatius,1
joaquin,1
lacey,1
laurie,1
lilburn,1
lovell,1
lovett,1
malvin,1
manson,1
pratt,1
reid,1
ruffin,1
tomie,1
vince,1
wayland,1
acey,1
alger,1
algernon,1
amasa,1
amil,1
barrett,1
britt,1
burns,1
calhoun,1
christy,1
cletus,1
colbert,1
courtland,1
myles,1
irl,1
benson,1
norval,1
armond,1
frazier,1
thompson,1
alfredo,1
grady,1
lorenz,1
peyton,1
seldon,1
ethelbert,1
eva,1
gilman,1
henri,1
iver,1
laura,1
leonce,1
mamie,1
orion,1
ottie,1
rudolf,1
selmer,1
shepherd,1
yancy,1
abbie,1
agnes,1
arnie,1
arvin,1
blanche,1
bliss,1
cassie,1
dewey,1
diego,1
dorr,1
edmon,1
estes,1
gilford,1
graves,1
hillery,1
laurel,1
carlisle,1
hughie,1
orvel,1
angel,1
horton,1
lena,1
marie,1
waymon,1
arno,1
burnie,1
elgie,1
fannie,1
felton,1
keith,1
maxie,1
nils,1
sie,1
sonny,1
vere,1
virgie,1
benjman,1
bernardo,1
casey,1
celestino,1
cephus,1
della,1
hart,1
hillary,1
hilmer,1
holland,1
jacques,1
johny,1
jordon,1
julien,1
julio,1
kay,1
le,1
leeroy,1
liston,1
lott,1
doyle,1
gerard,1
alfonzo,1
carlie,1
branch,1
bush,1
elgin,1
federico,1
franz,1
governor,1
maury,1
nancy,1
salvatore,1
werner,1
edw,1
ernesto,1
fed,1
foy,1
galen,1
genie,1
hjalmar,1
lawton,1
levin,1
lish,1
pascal,1
posey,1
redmond,1
rosendo,1
talmadge,1
winford,1
abie,1
alta,1
alver,1
anatole,1
bobbie,1
boone,1
buell,1
claiborne,1
loyal,1
eduardo,1
maggie,1
needham,1
mansfield,1
ras,1
guilford,1
sing,1
xavier,1
charlton,1
eula,1
mckinley,1
polk,1
shellie,1
bentley,1
claudius,1
conard,1
cornell,1
ester,1
esther,1
mae,1
mildred,1
neely,1
owens,1
rance,1
red,1
robbie,1
sigurd,1
teddy,1
val,1
almus,1
sheridan,1
lorin,1
carmine,1
jonnie,1
kent,1
murl,1
ricardo,1
wilfrid,1
adlai,1
buddie,1
burk,1
dessie,1
edison,1
gifford,1
goldie,1
hurbert,1
iverson,1
job,1
leamon,1
olive,1
powell,1
rexford,1
roma,1
romie,1
vick,1
waldemar,1
zebulon,1
alferd,1
algot,1
alphons,1
audley,1
barnard,1
berkley,1
bethel,1
caroline,1
corbett,1
ruth,1
fidel,1
guillermo,1
murry,1
reubin,1
rocco,1
samson,1
westley,1
alba,1
irene,1
murdock,1
nolen,1
royce,1
ruel,1
willaim,1
beryl,1
beulah,1
burleigh,1
carrol,1
con,1
dillon,1
ebert,1
encarnacion,1
cedric,1
estel,1
mayo,1
shelley,1
thorwald,1
durward,1
luster,1
arnett,1
aubra,1
avon,1
bolden,1
dannie,1
elex,1
ferris,1
jeffie,1
lexie,1
link,1
moises,1
myer,1
carlyle,1
arvel,1
erby,1
floy,1
hughey,1
ovid,1
alston,1
audrey,1
buddy,1
clemmie,1
clemon,1
dorothy,1
einar,1
gurney,1
hebert,1
hezzie,1
kurt,1
lois,1
lula,1
mearl,1
oddie,1
ramsey,1
vinton,1
zed,1
audy,1
barnie,1
donat,1
emmons,1
erich,1
esley,1
eston,1
roosevelt,1
hartley,1
jennings,1
hobert,1
montie,1
rae,1
arvil,1
casimer,1
elwyn,1
evander,1
gaither,1
grafton,1
guthrie,1
jettie,1
lannie,1
lea,1
moe,1
nestor,1
ovila,1
reynold,1
reynolds,1
susie,1
true,1
alwin,1
casimir,1
vergil,1
hazen,1
sigmund,1
saint,1
silver,1
eugenio,1
lisle,1
milburn,1
carmen,1
orris,1
rayford,1
raymon,1
virgel,1
aloys,1
cam,1
hale,1
nile,1
offie,1
opal,1
rosa,1
wardell,1
willy,1
acy,1
arthor,1
boysie,1
britton,1
oris,1
gladys,1
georgia,1
bryon,1
elvie,1
frankie,1
mario,1
pasquale,1
rhoda,1
rossie,1
sherwood,1
buel,1
clearence,1
dabney,1
diamond,1
dorris,1
everet,1
ezell,1
hobson,1
admiral,1
shafter,1
maceo,1
schley,1
ewart,1
patsy,1
arba,1
orvil,1
adams,1
collier,1
gayle,1
gladstone,1
hilario,1
kathryn,1
mickey,1
odus,1
vernal,1
von,1
haven,1
williard,1
stephan,1
collis,1
griffith,1
jethro,1
vic,1
viola,1
baker,1
beatrice,1
bynum,1
colvin,1
doris,1
elizah,1
eunice,1
leighton,1
linnie,1
lizzie,1
rosevelt,1
farris,1
lemmie,1
estell,1
goebel,1
tallie,1
arlo,1
artis,1
collin,1
eddy,1
hester,1
lauren,1
lupe,1
ozie,1
salvador,1
santos,1
schuyler,1
arturo,1
donovan,1
kermit,1
eino,1
olan,1
danny,1
lola,1
esco,1
josef,1
lance,1
leona,1
mathews,1
ova,1
pate,1
regis,1
rosario,1
vito,1
adron,1
ancil,1
arland,1
buren,1
erland,1
johney,1
clarnce,1
garvin,1
agustin,1
nathen,1
oneal,1
verna,1
victoriano,1
doll,1
georgie,1
heyward,1
ivor,1
myrl,1
beckham,1
thedore,1
thelma,1
trinidad,1
verl,1
evelyn,1
hershell,1
marty,1
roberto,1
teddie,1
terrell,1
hilbert,1
lenon,1
lenord,1
ozzie,1
porfirio,1
sammy,1
rayfield,1
waino,1
clemence,1
harm,1
jamie,1
vincenzo,1
welton,1
adrain,1
arbie,1
betty,1
bobby,1
desmond,1
domenic,1
duard,1
raul,1
severo,1
tobie,1
council,1
domenick,1
darrel,1
graydon,1
fredie,1
eliot,1
hoke,1
pauline,1
tyree,1
arne,1
bell,1
carlo,1
hansel,1
jiles,1
leonardo,1
quentin,1
toby,1
verlin,1
winthrop,1
domenico,1
harrold,1
lucille,1
ryan,1
benard,1
quinton,1
rodolfo,1
armando,1
delmas,1
denzil,1
luciano,1
lyndon,1
vera,1
taft,1
delphin,1
rodger,1
woodrow,1
burnice,1
giovanni,1
americo,1
ardell,1
delmus,1
gilmer,1
lucio,1
mariano,1
ogden,1
oland,1
prentiss,1
samie,1
hadley,1
francesco,1
toivo,1
robley,1
verle,1
farrell,1
nathanial,1
reyes,1
eleanor,1
emmanuel,1
esker,1
florentino,1
gaetano,1
levie,1
guido,1
aurelio,1
curtiss,1
othel,1
santo,1
harrell,1
lenwood,1
leopoldo,1
dante,1
ann,1
halley,1
reino,1
carmelo,1
wyman,1
silvio,1
colie,1
alfonse,1
aldo,1
amerigo,1
enrico,1
gasper,1
attilio,1
woodroe,1
nunzio,1
burnell,1
erling,1
gilberto,1
glendon,1
larue,1
masao,1
nevin,1
armin,1
tyrus,1
kendall,1
garold,1
gennaro,1
cosmo,1
luigi,1
hymen,1
donato,1
melbourne,1
merwin,1
winton,1
gino,1
glenwood,1
geno,1
glynn,1
nello,1
durwood,1
gilmore,1
saverio,1
garth,1
hiroshi,1
arlin,1
yoshio,1
arvo,1
deward,1
hughes,1
tatsuo,1
jerald,1
zigmund,1
gerhardt,1
lynwood,1
berlin,1
merlyn,1
pershing,1
hideo,1
normand,1
orvin,1
joyce,1
minoru,1
foch,1
bryce,1
carmel,1
marco,1
winifred,1
edsel,1
quinten,1
kiyoshi,1
therman,1
kazuo,1
metro,1
laddie,1
harding,1
kennith,1
eloy,1
daryl,1
rayburn,1
jon,1
dewayne,1
marcos,1
kevin,1
harden,1
delton,1
reynaldo,1
donal,1
toshio,1
dwayne,1
zane,1
luverne,1
jackie,1
ramiro,1
harlen,1
deane,1
dwain,1
boris,1
dorman,1
coolidge,1
refugio,1
darold,1
donn,1
faustino,1
brian,1
melvyn,1
esteban,1
freddy,1
virginia,1
marlyn,1
ken,1
dwaine,1
gearld,1
valentino,1
lindy,1
lindbergh,1
shoji,1
denny,1
gonzalo,1
jorge,1
jerrold,1
akira,1
maria,1
hoover,1
jerold,1
arlen,1
ronnie,1
marcelino,1
verlyn,1
ismael,1
fidencio,1
dolores,1
adan,1
davey,1
derald,1
barbara,1
humberto,1
joan,1
sherwin,1
lavon,1
duwayne,1
genaro,1
kenny,1
rogelio,1
rolf,1
arnulfo,1
gerry,1
derl,1
gerold,1
arlan,1
patricia,1
dino,1
wally,1
mervyn,1
allyn,1
monty,1
dickie,1
jan,1
arlis,1
kaye,1
kenton,1
sherrill,1
darl,1
raymundo,1
delano,1
terrance,1
ronny,1
chuck,1
orlin,1
gloria,1
darryl,1
marc,1
sal,1
stan,1
cordell,1
darvin,1
derrell,1
jame,1
jacky,1
lanny,1
ron,1
marland,1
arlyn,1
jerrell,1
jeffrey,1
valentin,1
kerry,1
ferrell,1
gaylon,1
jerrel,1
darwyn,1
dwane,1
randy,1
ian,1
delwin,1
gustavo,1
verlon,1
vernell,1
delma,1
windell,1
kim,1
errol,1
reggie,1
geoffrey,1
mel,1
sergio,1
del,1
donnell,1
tyrone,1
sharon,1
donny,1
doug,1
marilyn,1
carolyn,1
delvin,1
janet,1
levon,1
ozell,1
gaylen,1
lamont,1
tex,1
lonny,1
autry,1
rondal,1
randal,1
dion,1
greg,1
sandra,1
judith,1
scotty,1
ronal,1
jeffery,1
randell,1
joey,1
nicky,1
leonel,1
harlon,1
lawrance,1
linda,1
barrie,1
darnell,1
isidro,1
wilkie,1
rick,1
ricky,1
donna,1
janice,1
javier,1
wendel,1
erik,1
lindell,1
judy,1
jeffry,1
karen,1
brendan,1
darell,1
mcarthur,1
macarthur,1
rickey,1
rod,1
niles,1
jeremy,1
susan,1
walt,1
lary,1
jaime,1
noe,1
rocky,1
derek,1
les,1
terrill,1
russ,1
timmy,1
butch,1
sean,1
linden,1
roddy,1
rickie,1
lenny,1
rusty,1
dane,1
geary,1
eusebio,1
garey,1
lucky,1
gerardo,1
gil,1
richie,1
carnell,1
chad,1
hank,1
dorian,1
rolando,1
kip,1
mikel,1
jonathon,1
stevan,1
kris,1
jody,1
lyn,1
zachary,1
brett,1
patric,1
rory,1
rand,1
robby,1
cornel,1
shawn,1
skip,1
randel,1
jed,1
dirk,1
brock,1
deryl,1
stevie,1
derrick,1
jerel,1
cesar,1
baron,1
kathleen,1
stefan,1
donell,1
corey,1
kelvin,1
ezzard,1
tod,1
shaun,1
brant,1
scot,1
efrain,1
stacey,1
brandon,1
marlon,1
jory,1
layne,1
danniel,1
michial,1
ritchie,1
edwardo,1
kimberly,1
ricki,1
kurtis,1
cory,1
deborah,1
scottie,1
erasmo,1
rudolfo,1
lex,1
rodrick,1
daryle,1
greggory,1
darren,1
mikeal,1
trent,1
michal,1
theodis,1
damian,1
kimball,1
michale,1
wilfredo,1
shane,1
robbin,1
kraig,1
kirt,1
chip,1
randolf,1
bret,1
antony,1
bradly,1
faron,1
blaise,1
alvaro,1
ricci,1
dusty,1
debra,1
rock,1
keven,1
gavin,1
kevan,1
blane,1
demetrius,1
rahn,1
barron,1
heriberto,1
jude,1
levern,1
darcy,1
micky,1
kennard,1
davy,1
tad,1
rhett,1
ty,1
mitch,1
jefferey,1
dann,1
timmothy,1
broderick,1
derwin,1
chet,1
quintin,1
timmie,1
tab,1
tracey,1
jace,1
kem,1
brion,1
andrea,1
cynthia,1
kennth,1
renaldo,1
desi,1
renard,1
trevor,1
kenney,1
brien,1
cheyenne,1
derick,1
robb,1
devin,1
kerwin,1
grayling,1
quinn,1
wayde,1
maverick,1
tobin,1
kristopher,1
keenan,1
diane,1
cheryl,1
reinaldo,1
jamey,1
darrin,1
flint,1
darin,1
daren,1
efrem,1
kieth,1
micah,1
andra,1
chaim,1
raynard,1
leif,1
kennedy,1
lisa,1
darrick,1
darry,1
roel,1
darron,1
darryle,1
stephon,1
darryll,1
brenda,1
devon,1
arnoldo,1
kory,1
regan,1
brook,1
shayne,1
lorne,1
parrish,1
drake,1
norberto,1
kalvin,1
pernell,1
markus,1
thor,1
osvaldo,1
anibal,1
daron,1
deon,1
edgardo,1
geoff,1
tammy,1
jayson,1
rodrigo,1
tyron,1
dwyane,1
stoney,1
tal,1
jaimie,1
trenton,1
andreas,1
vinson,1
pamela,1
erin,1
mauricio,1
rigoberto,1
roderic,1
destry,1
deron,1
fitzgerald,1
quint,1
kipp,1
trey,1
kendrick,1
deric,1
terance,1
antonia,1
shon,1
daryn,1
darien,1
darryn,1
trace,1
darian,1
dario,1
chadwick,1
brain,1
reginal,1
heath,1
jarrod,1
michelle,1
illya,1
brenton,1
michele,1
dylan,1
efren,1
arron,1
tyson,1
cedrick,1
dereck,1
brennan,1
jerrod,1
garrick,1
jennifer,1
angela,1
claudio,1
derik,1
octavio,1
alfie,1
brendon,1
kristian,1
shad,1
ariel,1
liam,1
tina,1
beau,1
giuseppe,1
franco,1
dustin,1
jamal,1
damien,1
waylon,1
colby,1
damion,1
brenden,1
korey,1
tye,1
rico,1
darby,1
melissa,1
anthoney,1
jade,1
lamonte,1
shan,1
johnathon,1
tory,1
trever,1
lazaro,1
jemal,1
jamison,1
aric,1
ari,1
donavan,1
torrey,1
torrance,1
shanon,1
chandler,1
ali,1
corwin,1
amy,1
jameson,1
demetrios,1
jasen,1
davin,1
cale,1
jermaine,1
malik,1
jeromy,1
jammie,1
che,1
bronson,1
dax,1
brandt,1
kenyatta,1
antione,1
laron,1
antwan,1
branden,1
dedric,1
jayme,1
kelsey,1
torrence,1
shea,1
kenyon,1
kristin,1
shay,1
corbin,1
cristopher,1
jeramy,1
braden,1
kenya,1
dedrick,1
tate,1
germaine,1
nigel,1
jerod,1
christoper,1
chadd,1
jarod,1
tristan,1
brannon,1
jeremey,1
deandre,1
kiley,1
donavon,1
sedrick,1
hassan,1
jamel,1
jeramie,1
marcelo,1
coby,1
deshawn,1
toriano,1
kwame,1
kasey,1
demian,1
kristofer,1
paulo,1
donte,1
jarred,1
demond,1
kareem,1
vidal,1
zachariah,1
jamar,1
abdul,1
jermain,1
tremayne,1
jeremie,1
marlo,1
lashawn,1
brandy,1
josue,1
jabbar,1
kristoffer,1
diallo,1
tito,1
damond,1
nicole,1
dameon,1
rahsaan,1
nathanael,1
abelardo,1
cade,1
vashon,1
taurus,1
chadrick,1
tarik,1
marcello,1
dominique,1
donta,1
moshe,1
zachery,1
jevon,1
stephanie,1
nakia,1
telly,1
ahmad,1
jamil,1
toma,1
trinity,1
jereme,1
dejuan,1
jabari,1
ahmed,1
heather,1
demarcus,1
antwon,1
jered,1
rashad,1
kristen,1
mauro,1
benji,1
tavares,1
marques,1
rasheed,1
jerad,1
corry,1
cristobal,1
deangelo,1
karim,1
sharif,1
demarco,1
kareen,1
rebecca,1
raheem,1
jamaal,1
jovan,1
seneca,1
jermey,1
torey,1
hakim,1
cortney,1
jamin,1
javon,1
zackary,1
ezequiel,1
jerimy,1
muhammad,1
jameel,1
brody,1
jaron,1
dimitrios,1
taj,1
tanner,1
torry,1
amir,1
levar,1
lavar,1
kunta,1
jedediah,1
jerimiah,1
kinte,1
rashawn,1
jeramiah,1
jessica,1
jedidiah,1
amin,1
rian,1
conor,1
lydell,1
davon,1
kaleb,1
samir,1
zackery,1
khalid,1
bo,1
cristian,1
demetric,1
horacio,1
anwar,1
nicholaus,1
kenji,1
nikolas,1
demario,1
johnpaul,1
nicklaus,1
jarret,1
kody,1
antwain,1
dequan,1
lukas,1
christina,1
deshaun,1
juston,1
hasan,1
jeb,1
amanda,1
andrae,1
kendell,1
tucker,1
keon,1
garett,1
amit,1
omari,1
tyrell,1
mohammad,1
bryson,1
tyrel,1
tremaine,1
jarrad,1
rustin,1
kai,1
justen,1
keegan,1
chaz,1
yoel,1
jarad,1
jessy,1
bjorn,1
brandan,1
dustan,1
isaias,1
kellen,1
skyler,1
marchello,1
mohammed,1
johathan,1
adalberto,1
connor,1
dontae,1
taurean,1
skylar,1
mohamed,1
colt,1
kiel,1
colton,1
eliezer,1
darrius,1
tuan,1
hung,1
long,1
lamarcus,1
justine,1
huy,1
akeem,1
cassidy,1
devan,1
martell,1
remington,1
jacoby,1
jakob,1
trumaine,1
marquise,1
deven,1
crystal,1
ryne,1
coty,1
grayson,1
jerrad,1
jarrell,1
baby,1
brandin,1
alonso,1
danielle,1
tavon,1
travon,1
deonte,1
rachel,1
kameron,1
tavaris,1
tylor,1
jairo,1
durell,1
durrell,1
channing,1
jaymes,1
dakota,1
keaton,1
ulises,1
brandyn,1
mackenzie,1
maximilian,1
uriel,1
terell,1
kale,1
dandre,1
kolby,1
joshuah,1
martez,1
rayshawn,1
dangelo,1
derrek,1
cordero,1
jayce,1
yaakov,1
kyler,1
alexandro,1
zechariah,1
giancarlo,1
garrison,1
spenser,1
austen,1
payton,1
kalen,1
kane,1
mychal,1
conner,1
cordaro,1
dashawn,1
holden,1
octavius,1
rashaad,1
montrell,1
jaren,1
joseluis,1
trevin,1
brennen,1
kegan,1
camron,1
colten,1
codey,1
arsenio,1
jaquan,1
geraldo,1
kelby,1
jamarcus,1
marquez,1
dominque,1
brittany,1
ridge,1
mikhail,1
brantley,1
nico,1
kade,1
alexandre,1
christop,1
infant,1
alexande,1
hakeem,1
kadeem,1
gage,1
khiry,1
jasmine,1
daquan,1
niko,1
rakeem,1
nikko,1
dionte,1
samantha,1
darion,1
kendal,1
kiara,1
tiffany,1
khalil,1
najee,1
ladarius,1
stetson,1
yosef,1
trevon,1
dimitri,1
tevin,1
denzel,1
male,1
laquan,1
kiefer,1
jorden,1
ibrahim,1
mykel,1
kevon,1
zakary,1
aidan,1
talon,1
codie,1
hernan,1
camden,1
deontae,1
keenen,1
misael,1
devonte,1
sage,1
dillan,1
gunnar,1
shaquille,1
dillion,1
dylon,1
storm,1
domonique,1
codi,1
jaleel,1
davion,1
brayden,1
denzell,1
devante,1
dijon,1
keifer,1
tariq,1
babyboy,1
sawyer,1
desean,1
deonta,1
kolton,1
justyn,1
unnamed,1
dejon,1
bilal,1
deante,1
jalen,1
tre,1
davonte,1
devonta,1
javonte,1
devontae,1
deion,1
demetri,1
davante,1
dyllan,1
trae,1
dondre,1
tayler,1
caden,1
dakotah,1
montel,1
davonta,1
dalvin,1
tyshawn,1
maximillian,1
juwan,1
tyquan,1
kieran,1
colter,1
jaylen,1
devyn,1
savon,1
deondre,1
darrian,1
dallin,1
jordy,1
mikal,1
adonis,1
kelton,1
shaquan,1
devaughn,1
darrien,1
austyn,1
kaden,1
darrion,1
fredy,1
montana,1
kole,1
syed,1
demonte,1
dakoda,1
jaden,1
keanu,1
jaylon,1
daulton,1
shyheim,1
markell,1
menachem,1
markel,1
jayden,1
khari,1
trayvon,1
gunner,1
auston,1
cain,1
jaylin,1
river,1
alek,1
destin,1
tyrin,1
ryder,1
armani,1
kahlil,1
bryton,1
jonatan,1
tristen,1
triston,1
raekwon,1
tristin,1
anfernee,1
draven,1
romello,1
stone,1
tristian,1
easton,1
treyvon,1
aiden,1
rashaan,1
rohan,1
killian,1
phoenix,1
greyson,1
latrell,1
brennon,1
seamus,1
isai,1
branson,1
damarcus,1
mateo,1
keshawn,1
keyshawn,1
trystan,1
braeden,1
brayan,1
shamar,1
keion,1
raquan,1
jair,1
braydon,1
shemar,1
reilly,1
reagan,1
jaylan,1
nasir,1
abdullah,1
dominik,1
keagan,1
kordell,1
kobe,1
gianni,1
jaret,1
koby,1
nash,1
rylan,1
jaxon,1
giovanny,1
ronaldo,1
coleton,1
amari,1
jarett,1
keyon,1
paxton,1
landen,1
raven,1
jamari,1
jovani,1
jovanny,1
keandre,1
kenan,1
jajuan,1
ryley,1
nikhil,1
tyrese,1
tyrek,1
zion,1
declan,1
savion,1
kamron,1
jadon,1
tyrique,1
tahj,1
tyriq,1
tyreek,1
izaiah,1
tavian,1
jacquez,1
alessandro,1
kyree,1
tyrik,1
jordi,1
jalon,1
mekhi,1
jelani,1
matteo,1
johan,1
hamza,1
brycen,1
jovany,1
miguelangel,1
jensen,1
rahul,1
christion,1
judah,1
konnor,1
kylan,1
jaiden,1
tyreke,1
cayden,1
jett,1
zaire,1
jaydon,1
korbin,1
tyreese,1
braedon,1
jaxson,1
xander,1
camren,1
semaj,1
ean,1
gaven,1
karson,1
trevion,1
ayden,1
rey,1
tavion,1
braiden,1
kadin,1
arman,1
aditya,1
rowan,1
bridger,1
kayden,1
elian,1
luca,1
finn,1
kaiden,1
sincere,1
maximus,1
xzavier,1
blaze,1
gaige,1
london,1
keshaun,1
sabastian,1
kavon,1
kian,1
brodie,1
jaeden,1
javion,1
jamir,1
maxim,1
alexzander,1
kamren,1
zander,1
dayne,1
isaak,1
jaheim,1
jagger,1
oswaldo,1
ronan,1
haden,1
jadyn,1
immanuel,1
alijah,1
jakobe,1
imanol,1
jordyn,1
zain,1
yusuf,1
gavyn,1
pranav,1
yehuda,1
daunte,1
caiden,1
arjun,1
jahiem,1
zavier,1
mustafa,1
rylee,1
giovani,1
jovanni,1
omarion,1
yahir,1
amarion,1
gael,1
cael,1
treyton,1
aryan,1
jaheem,1
malakai,1
javen,1
lisandro,1
santino,1
adriel,1
ethen,1
luc,1
maximo,1
cason,1
gannon,1
jaquez,1
bradyn,1
jase,1
zayne,1
osbaldo,1
maddox,1
jamarion,1
yair,1
aydan,1
konner,1
damarion,1
jahir,1
enzo,1
cannon,1
kamari,1
kaeden,1
ryker,1
soren,1
mordechai,1
cristofer,1
ryland,1
zaid,1
arnav,1
canyon,1
kanye,1
kyan,1
cohen,1
braylon,1
davian,1
jaidyn,1
demarion,1
landyn,1
luka,1
braulio,1
andon,1
aydin,1
matias,1
jaydin,1
deacon,1
teagan,1
kamden,1
malaki,1
koda,1
rhys,1
haiden,1
tayshaun,1
jayvon,1
trenten,1
rishi,1
kason,1
talan,1
amare,1
makai,1
braylen,1
kadyn,1
leandro,1
aedan,1
finnegan,1
karter,1
damari,1
messiah,1
makhi,1
camryn,1
gauge,1
jax,1
adin,1
krish,1
yandel,1
beckett,1
kael,1
bode,1
koen,1
zayden,1
santana,1
landin,1
talen,1
kasen,1
aidyn,1
jasiah,1
memphis,1
kingston,1
landan,1
case,1
coen,1
izayah,1
anders,1
brogan,1
madden,1
slade,1
kellan,1
jaydan,1
nery,1
rayan,1
dereon,1
yael,1
raiden,1
nikolai,1
yurem,1
lyric,1
kelan,1
tegan,1
kamryn,1
jayvion,1
ronin,1
daxton,1
aaden,1
chace,1
marley,1
kash,1
kymani,1
ishaan,1
jadiel,1
urijah,1
eden,1
zaiden,1
ayaan,1
aarav,1
tripp,1
geovanni,1
yadiel,1
kyson,1
callum,1
deegan,1
lennon,1
abdiel,1
carsen,1
kolten,1
mary,0
anna,0
emma,0
elizabeth,0
minnie,0
margaret,0
ida,0
alice,0
bertha,0
sarah,0
annie,0
clara,0
ella,0
florence,0
cora,0
martha,0
laura,0
nellie,0
grace,0
carrie,0
maude,0
mabel,0
bessie,0
jennie,0
gertrude,0
julia,0
hattie,0
edith,0
mattie,0
rose,0
catherine,0
lillian,0
ada,0
lillie,0
helen,0
jessie,0
louise,0
ethel,0
lula,0
myrtle,0
eva,0
frances,0
lena,0
lucy,0
edna,0
maggie,0
pearl,0
daisy,0
fannie,0
josephine,0
dora,0
rosa,0
katherine,0
agnes,0
marie,0
nora,0
may,0
mamie,0
blanche,0
stella,0
ellen,0
nancy,0
effie,0
sallie,0
nettie,0
della,0
lizzie,0
flora,0
susie,0
maud,0
mae,0
etta,0
harriet,0
sadie,0
caroline,0
katie,0
lydia,0
elsie,0
kate,0
susan,0
mollie,0
alma,0
addie,0
georgia,0
eliza,0
lulu,0
nannie,0
lottie,0
amanda,0
belle,0
charlotte,0
rebecca,0
ruth,0
viola,0
olive,0
amelia,0
hannah,0
jane,0
virginia,0
emily,0
matilda,0
irene,0
kathryn,0
esther,0
willie,0
henrietta,0
ollie,0
amy,0
rachel,0
sara,0
estella,0
theresa,0
augusta,0
ora,0
pauline,0
josie,0
lola,0
sophia,0
leona,0
anne,0
mildred,0
ann,0
beulah,0
callie,0
lou,0
delia,0
eleanor,0
barbara,0
iva,0
louisa,0
maria,0
mayme,0
evelyn,0
estelle,0
nina,0
betty,0
marion,0
bettie,0
dorothy,0
luella,0
inez,0
lela,0
rosie,0
allie,0
millie,0
janie,0
cornelia,0
victoria,0
ruby,0
winifred,0
alta,0
celia,0
christine,0
beatrice,0
birdie,0
harriett,0
mable,0
myra,0
sophie,0
tillie,0
isabel,0
sylvia,0
carolyn,0
isabelle,0
leila,0
sally,0
ina,0
essie,0
bertie,0
nell,0
alberta,0
katharine,0
lora,0
rena,0
mina,0
rhoda,0
mathilda,0
abbie,0
eula,0
dollie,0
hettie,0
eunice,0
fanny,0
ola,0
lenora,0
adelaide,0
christina,0
lelia,0
nelle,0
sue,0
johanna,0
lilly,0
lucinda,0
minerva,0
lettie,0
roxie,0
cynthia,0
helena,0
hilda,0
hulda,0
bernice,0
genevieve,0
jean,0
cordelia,0
marian,0
francis,0
jeanette,0
adeline,0
gussie,0
leah,0
lois,0
lura,0
mittie,0
hallie,0
isabella,0
olga,0
phoebe,0
teresa,0
hester,0
lida,0
lina,0
marguerite,0
winnie,0
claudia,0
vera,0
cecelia,0
bess,0
emilie,0
john,0
rosetta,0
verna,0
myrtie,0
cecilia,0
elva,0
olivia,0
ophelia,0
georgie,0
elnora,0
violet,0
adele,0
lily,0
linnie,0
loretta,0
madge,0
polly,0
virgie,0
eugenia,0
lucile,0
lucille,0
mabelle,0
rosalie,0
kittie,0
meta,0
angie,0
dessie,0
georgiana,0
lila,0
regina,0
selma,0
wilhelmina,0
bridget,0
lilla,0
malinda,0
vina,0
freda,0
gertie,0
jeannette,0
louella,0
mandy,0
roberta,0
cassie,0
corinne,0
ivy,0
melissa,0
lyda,0
naomi,0
norma,0
bell,0
margie,0
nona,0
zella,0
dovie,0
elvira,0
erma,0
irma,0
leota,0
william,0
artie,0
blanch,0
charity,0
janet,0
lorena,0
lucretia,0
orpha,0
alvina,0
annette,0
catharine,0
elma,0
geneva,0
lee,0
leora,0
lona,0
miriam,0
zora,0
linda,0
octavia,0
sudie,0
zula,0
adella,0
alpha,0
frieda,0
george,0
joanna,0
leonora,0
priscilla,0
tennie,0
angeline,0
docia,0
ettie,0
flossie,0
hanna,0
letha,0
minta,0
retta,0
rosella,0
adah,0
berta,0
elisabeth,0
elise,0
goldie,0
leola,0
margret,0
adaline,0
floy,0
idella,0
juanita,0
lenna,0
lucie,0
missouri,0
nola,0
zoe,0
eda,0
isabell,0
james,0
julie,0
letitia,0
madeline,0
malissa,0
mariah,0
pattie,0
vivian,0
almeda,0
aurelia,0
claire,0
dolly,0
hazel,0
jannie,0
kathleen,0
kathrine,0
lavinia,0
marietta,0
melvina,0
ona,0
pinkie,0
samantha,0
susanna,0
chloe,0
donnie,0
elsa,0
gladys,0
matie,0
pearle,0
vesta,0
vinnie,0
antoinette,0
clementine,0
edythe,0
harriette,0
libbie,0
lilian,0
lue,0
lutie,0
magdalena,0
meda,0
rita,0
tena,0
zelma,0
adelia,0
annetta,0
antonia,0
dona,0
elizebeth,0
georgianna,0
gracie,0
iona,0
lessie,0
leta,0
liza,0
mertie,0
molly,0
neva,0
oma,0
alida,0
alva,0
cecile,0
cleo,0
donna,0
ellie,0
ernestine,0
evie,0
frankie,0
helene,0
minna,0
myrta,0
prudence,0
queen,0
rilla,0
savannah,0
tessie,0
tina,0
agatha,0
america,0
anita,0
arminta,0
dorothea,0
ira,0
luvenia,0
marjorie,0
maybelle,0
mellie,0
nan,0
pearlie,0
sidney,0
velma,0
clare,0
constance,0
dixie,0
ila,0
iola,0
jimmie,0
louvenia,0
lucia,0
ludie,0
luna,0
metta,0
patsy,0
phebe,0
sophronia,0
adda,0
avis,0
betsy,0
bonnie,0
cecil,0
cordie,0
emmaline,0
ethelyn,0
hortense,0
june,0
louie,0
lovie,0
marcella,0
melinda,0
mona,0
odessa,0
veronica,0
aimee,0
annabel,0
ava,0
bella,0
carolina,0
cathrine,0
christena,0
clyde,0
dena,0
dolores,0
eleanore,0
elmira,0
fay,0
frank,0
jenny,0
kizzie,0
lonnie,0
loula,0
magdalene,0
mettie,0
mintie,0
peggy,0
reba,0
serena,0
vida,0
zada,0
abigail,0
celestine,0
celina,0
claudie,0
clemmie,0
connie,0
daisie,0
deborah,0
dessa,0
easter,0
eddie,0
emelia,0
emmie,0
imogene,0
india,0
jeanne,0
joan,0
lenore,0
liddie,0
lotta,0
mame,0
nevada,0
rachael,0
sina,0
willa,0
aline,0
beryl,0
charles,0
daisey,0
dorcas,0
edmonia,0
effa,0
eldora,0
eloise,0
emmer,0
era,0
gena,0
henry,0
iris,0
izora,0
lennie,0
lissie,0
mallie,0
malvina,0
mathilde,0
mazie,0
queenie,0
robert,0
rosina,0
salome,0
theodora,0
therese,0
vena,0
wanda,0
wilda,0
altha,0
anastasia,0
besse,0
bird,0
birtie,0
clarissa,0
claude,0
delilah,0
diana,0
emelie,0
erna,0
fern,0
florida,0
frona,0
hilma,0
joseph,0
juliet,0
leonie,0
lugenia,0
mammie,0
manda,0
manerva,0
manie,0
nella,0
paulina,0
philomena,0
rae,0
selina,0
sena,0
theodosia,0
tommie,0
una,0
vernie,0
adela,0
althea,0
amalia,0
amber,0
angelina,0
annabelle,0
anner,0
arie,0
clarice,0
corda,0
corrie,0
dell,0
dellar,0
donie,0
doris,0
elda,0
elinor,0
emeline,0
emilia,0
esta,0
estell,0
etha,0
fred,0
hope,0
indiana,0
ione,0
jettie,0
johnnie,0
josiephine,0
kitty,0
lavina,0
leda,0
letta,0
mahala,0
marcia,0
margarette,0
maudie,0
maye,0
norah,0
oda,0
patty,0
paula,0
permelia,0
rosalia,0
roxanna,0
sula,0
vada,0
winnifred,0
adline,0
almira,0
alvena,0
arizona,0
becky,0
bennie,0
bernadette,0
camille,0
cordia,0
corine,0
dicie,0
dove,0
drusilla,0
elena,0
elenora,0
elmina,0
ethyl,0
evalyn,0
evelina,0
faye,0
huldah,0
idell,0
inga,0
irena,0
jewell,0
kattie,0
lavenia,0
leslie,0
lovina,0
lulie,0
magnolia,0
margeret,0
margery,0
media,0
millicent,0
nena,0
ocie,0
orilla,0
osie,0
pansy,0
ray,0
rosia,0
rowena,0
shirley,0
tabitha,0
thomas,0
verdie,0
walter,0
zetta,0
zoa,0
zona,0
albertina,0
albina,0
alyce,0
amie,0
angela,0
annis,0
carol,0
carra,0
clarence,0
clarinda,0
delphia,0
dillie,0
doshie,0
drucilla,0
etna,0
eugenie,0
eulalia,0
eve,0
felicia,0
florance,0
fronie,0
geraldine,0
gina,0
glenna,0
grayce,0
hedwig,0
jessica,0
jossie,0
katheryn,0
katy,0
lea,0
leanna,0
leitha,0
leone,0
lidie,0
loma,0
lular,0
magdalen,0
maymie,0
minervia,0
muriel,0
neppie,0
olie,0
onie,0
osa,0
otelia,0
paralee,0
patience,0
rella,0
rillie,0
rosanna,0
theo,0
tilda,0
tishie,0
tressa,0
viva,0
yetta,0
zena,0
zola,0
abby,0
aileen,0
alba,0
alda,0
alla,0
alverta,0
ara,0
ardelia,0
ardella,0
arrie,0
arvilla,0
augustine,0
aurora,0
bama,0
bena,0
byrd,0
calla,0
camilla,0
carey,0
carlotta,0
celestia,0
cherry,0
cinda,0
classie,0
claudine,0
clemie,0
clifford,0
clyda,0
creola,0
debbie,0
dee,0
dinah,0
doshia,0
ednah,0
edyth,0
eleanora,0
electa,0
eola,0
erie,0
eudora,0
euphemia,0
evalena,0
evaline,0
faith,0
fidelia,0
freddie,0
golda,0
harry,0
helma,0
hermine,0
hessie,0
ivah,0
janette,0
jennette,0
joella,0
kathryne,0
lacy,0
lanie,0
lauretta,0
leana,0
leatha,0
leo,0
liller,0
lillis,0
louetta,0
madie,0
mai,0
martina,0
maryann,0
melva,0
mena,0
mercedes,0
merle,0
mima,0
minda,0
monica,0
nealie,0
netta,0
nolia,0
nonie,0
odelia,0
ottilie,0
phyllis,0
robbie,0
sabina,0
sada,0
sammie,0
suzanne,0
sybilla,0
thea,0
tressie,0
vallie,0
venie,0
viney,0
wilhelmine,0
winona,0
zelda,0
zilpha,0
adelle,0
adina,0
adrienne,0
albertine,0
alys,0
ana,0
araminta,0
arthur,0
birtha,0
bulah,0
caddie,0
celie,0
charlotta,0
clair,0
concepcion,0
cordella,0
corrine,0
delila,0
delphine,0
dosha,0
edgar,0
elaine,0
elisa,0
ellar,0
elmire,0
elvina,0
ena,0
estie,0
etter,0
fronnie,0
genie,0
georgina,0
glenn,0
gracia,0
guadalupe,0
gwendolyn,0
hassie,0
honora,0
icy,0
isa,0
isadora,0
jesse,0
jewel,0
joe,0
johannah,0
juana,0
judith,0
judy,0
junie,0
lavonia,0
lella,0
lemma,0
letty,0
linna,0
littie,0
lollie,0
lorene,0
louis,0
love,0
lovisa,0
lucina,0
lynn,0
madora,0
mahalia,0
manervia,0
manuela,0
margarett,0
margaretta,0
margarita,0
marilla,0
mignon,0
mozella,0
natalie,0
nelia,0
nolie,0
omie,0
opal,0
ossie,0
ottie,0
ottilia,0
parthenia,0
penelope,0
pinkey,0
pollie,0
rennie,0
reta,0
roena,0
rosalee,0
roseanna,0
ruthie,0
sabra,0
sannie,0
selena,0
sibyl,0
tella,0
tempie,0
tennessee,0
teressa,0
texas,0
theda,0
thelma,0
thursa,0
ula,0
vannie,0
verona,0
vertie,0
wilma,0
adell,0
aggie,0
alcie,0
alfreda,0
alicia,0
allene,0
almyra,0
anastacia,0
andrea,0
archie,0
aria,0
arminda,0
audrey,0
aura,0
avie,0
berdie,0
buena,0
calista,0
cammie,0
cara,0
celesta,0
celeste,0
chaney,0
chanie,0
charlie,0
charlottie,0
chrissie,0
christene,0
christiana,0
cleora,0
clora,0
coralie,0
dana,0
dave,0
david,0
dayse,0
dean,0
delfina,0
deliah,0
delina,0
delle,0
dicy,0
donia,0
dulcie,0
earl,0
edward,0
edwina,0
ela,0
eleonora,0
elta,0
elvie,0
elza,0
elzada,0
emaline,0
ester,0
eulah,0
eulalie,0
euna,0
lonie,0
zadie,0
eveline,0
lelah,0
nanie,0
petra,0
glennie,0
juliette,0
mannie,0
mercy,0
miranda,0
nana,0
zilpah,0
almedia,0
byrdie,0
claribel,0
coral,0
exie,0
justine,0
malissie,0
myrtice,0
narcissus,0
rosamond,0
theresia,0
valeria,0
vessie,0
victorine,0
arabella,0
audie,0
carmen,0
dottie,0
flo,0
fredericka,0
gloria,0
gusta,0
icie,0
lillia,0
lota,0
nathalie,0
nita,0
ota,0
ramona,0
texie,0
will,0
zillah,0
aida,0
arra,0
belva,0
biddie,0
bula,0
carry,0
courtney,0
crete,0
dossie,0
evangeline,0
flavia,0
fleta,0
fronia,0
gillie,0
jinnie,0
jonnie,0
karen,0
katharina,0
mell,0
mirtie,0
mora,0
ninnie,0
odie,0
pink,0
rettie,0
rozella,0
sofia,0
sybil,0
sylvania,0
tilla,0
ursula,0
veda,0
zaida,0
zenobia,0
aletha,0
andrew,0
ason,0
bina,0
chloie,0
christie,0
corean,0
corinna,0
elodie,0
epsie,0
eugene,0
exa,0
gail,0
georgine,0
gretta,0
henriette,0
jeffie,0
jemima,0
jo,0
johnie,0
josefa,0
juliana,0
katharyn,0
lannie,0
lavada,0
leonore,0
levina,0
libby,0
lilie,0
louanna,0
mabell,0
madeleine,0
marinda,0
mila,0
neta,0
orlena,0
ova,0
ozella,0
ressie,0
rosena,0
rosey,0
senora,0
siddie,0
susana,0
susanne,0
texanna,0
tiney,0
tinie,0
tiny,0
vernon,0
achsah,0
agness,0
ala,0
alabama,0
alexina,0
alfred,0
altie,0
ama,0
amalie,0
amelie,0
amey,0
amma,0
ammie,0
anie,0
annabell,0
arta,0
attie,0
audra,0
azzie,0
carl,0
cathryn,0
cena,0
chester,0
chestina,0
clem,0
crissie,0
cyntha,0
daisye,0
dellia,0
delta,0
dema,0
dezzie,0
dola,0
dollye,0
eithel,0
elba,0
elfrieda,0
elmer,0
elna,0
emogene,0
enola,0
verda,0
gretchen,0
hermina,0
nelly,0
eller,0
hetty,0
luetta,0
pennie,0
rosemary,0
beckie,0
buna,0
caldonia,0
candace,0
edla,0
florrie,0
jodie,0
luisa,0
myrtis,0
trudie,0
agusta,0
alphonsine,0
cary,0
dellie,0
delpha,0
gene,0
joyce,0
kathyrn,0
loretto,0
lucindy,0
maybell,0
odile,0
orah,0
prudie,0
rhea,0
rinda,0
rosy,0
roxy,0
sarrah,0
susannah,0
tula,0
alwina,0
arah,0
bernadine,0
capitola,0
cathern,0
columbia,0
eileen,0
elizbeth,0
eura,0
hennie,0
henretta,0
ivie,0
jeanie,0
justina,0
leaner,0
leonia,0
lorraine,0
lucetta,0
macie,0
mahalie,0
marry,0
novella,0
olevia,0
phillis,0
philomene,0
salina,0
sinda,0
tinnie,0
vashti,0
vella,0
verne,0
veva,0
vicy,0
zita,0
affie,0
albert,0
albertha,0
anabel,0
artelia,0
atha,0
barbra,0
beaulah,0
bertina,0
birdella,0
blossom,0
carmela,0
carolyne,0
cilla,0
denise,0
dorthea,0
eleonore,0
fairy,0
fannye,0
franc,0
francina,0
francisca,0
genevra,0
helga,0
iza,0
jeanetta,0
jeannie,0
jerusha,0
laurie,0
lisette,0
loda,0
lorenza,0
luda,0
lynda,0
marget,0
mariam,0
modena,0
nanna,0
nelie,0
olena,0
laurel,0
lelar,0
matilde,0
simona,0
thora,0
angelita,0
berenice,0
dagmar,0
dina,0
ema,0
florine,0
loraine,0
maida,0
missie,0
arline,0
beatrix,0
dorathea,0
elenor,0
ellis,0
gertha,0
lesta,0
orrie,0
rebekah,0
rossie,0
almina,0
arlena,0
bee,0
carlie,0
dot,0
earlie,0
elfie,0
ermine,0
francisqui,0
georgeanna,0
glendora,0
leontine,0
leva,0
litha,0
luberta,0
marianna,0
parlee,0
pearla,0
perry,0
sister,0
thresa,0
tom,0
alene,0
alverda,0
antonette,0
argie,0
arkie,0
arletta,0
arlie,0
bea,0
bert,0
bettye,0
bobbie,0
cappie,0
caro,0
cloe,0
corene,0
deetta,0
elberta,0
ether,0
felicie,0
frederica,0
hellen,0
icey,0
ines,0
ivey,0
junia,0
laney,0
lassie,0
lockie,0
lossie,0
lovey,0
marianita,0
mattye,0
crystal,0
rubie,0
milly,0
pluma,0
ruie,0
vira,0
cleva,0
gennie,0
maxie,0
sadye,0
vennie,0
zettie,0
clevie,0
delma,0
ferne,0
golden,0
maebelle,0
maxine,0
pearly,0
roma,0
savanah,0
savilla,0
valerie,0
violetta,0
adelina,0
alzina,0
annice,0
beda,0
clarabelle,0
fleda,0
garnet,0
goldia,0
grover,0
laila,0
leala,0
lilah,0
lyla,0
naoma,0
nealy,0
olivine,0
rutha,0
sussie,0
theodocia,0
tracy,0
trinidad,0
vassie,0
zina,0
arley,0
aurore,0
beth,0
channie,0
dennie,0
freida,0
georganna,0
izetta,0
kathern,0
lady,0
lala,0
leland,0
lilia,0
lurana,0
mozelle,0
norine,0
oney,0
clotilde,0
nova,0
myrna,0
medora,0
valentine,0
hildur,0
imo,0
joy,0
ragna,0
santos,0
vinie,0
emmy,0
hildegarde,0
octa,0
aurilla,0
beula,0
laverne,0
lera,0
macy,0
margrett,0
melina,0
montie,0
pheobe,0
alvira,0
clella,0
cornie,0
dorotha,0
dorthy,0
dosia,0
enid,0
essa,0
evelena,0
genoveva,0
greta,0
ica,0
ilma,0
kay,0
lalla,0
lana,0
leonor,0
lolla,0
lorna,0
vergie,0
mossie,0
manuelita,0
oline,0
floyd,0
ima,0
janey,0
villa,0
billie,0
clytie,0
ermina,0
hertha,0
margaretha,0
melanie,0
metha,0
patricia,0
pricilla,0
richard,0
sigrid,0
sydney,0
thekla,0
berniece,0
betha,0
florie,0
hilah,0
isla,0
judie,0
lethia,0
lexie,0
louisiana,0
rubye,0
silvia,0
zelpha,0
alwilda,0
angele,0
verlie,0
zelia,0
gay,0
gunda,0
octavie,0
orelia,0
retha,0
signe,0
anice,0
carlota,0
hollie,0
lurline,0
luz,0
opha,0
ura,0
vicie,0
alwine,0
carmelita,0
clemma,0
dale,0
elia,0
eloisa,0
eppie,0
ernest,0
gustie,0
hazle,0
ivory,0
lu,0
ebba,0
margarete,0
myrle,0
nadine,0
pallie,0
betsey,0
cleta,0
filomena,0
orra,0
arlene,0
margretta,0
pairlee,0
roy,0
zana,0
francies,0
howard,0
marjory,0
garnett,0
roxana,0
cressie,0
erla,0
herma,0
oliva,0
rosalind,0
chessie,0
daphne,0
lulah,0
marvel,0
monnie,0
noemie,0
elgie,0
gregoria,0
josefina,0
fleeta,0
jamie,0
madaline,0
hildred,0
sibbie,0
verena,0
bernardine,0
clemence,0
forest,0
forrest,0
gerda,0
hazelle,0
nobie,0
reva,0
vonnie,0
erin,0
ethie,0
jessye,0
jetta,0
myrl,0
signa,0
bethel,0
jule,0
delcie,0
hildegard,0
treva,0
violette,0
sylva,0
twila,0
virgil,0
concetta,0
elzie,0
gayle,0
idabelle,0
lulla,0
mira,0
nila,0
olar,0
velva,0
yvonne,0
evia,0
willia,0
dortha,0
else,0
freeda,0
versa,0
ilah,0
lester,0
maurine,0
vernice,0
elmyra,0
madelyn,0
cannie,0
carmella,0
cliffie,0
ever,0
leafy,0
olinda,0
oral,0
shellie,0
virdie,0
allena,0
clotilda,0
elida,0
elvera,0
fae,0
josefita,0
lurena,0
versie,0
vivien,0
melba,0
alline,0
elfreda,0
verla,0
murl,0
ouida,0
flonnie,0
palma,0
consuelo,0
lorine,0
venus,0
hasel,0
lupe,0
noma,0
virgia,0
alleen,0
mavis,0
nelda,0
trilby,0
adel,0
buelah,0
dorris,0
milda,0
odell,0
stephanie,0
velda,0
bernetta,0
neoma,0
gaynell,0
laurette,0
coletta,0
dewey,0
zela,0
zeta,0
manila,0
manilla,0
cuba,0
earline,0
vlasta,0
larue,0
jacqueline,0
onnie,0
vara,0
alena,0
ilo,0
imelda,0
ardis,0
delores,0
irva,0
gwen,0
tomasa,0
veta,0
berneice,0
lempi,0
eathel,0
janice,0
marybelle,0
chrystal,0
elvia,0
ilene,0
margarite,0
marianne,0
odette,0
antonina,0
delsie,0
portia,0
carmel,0
reatha,0
aleen,0
almeta,0
lilyan,0
jaunita,0
jerry,0
luvinia,0
alvera,0
allean,0
dagny,0
leoma,0
oleta,0
trula,0
dannie,0
ethyle,0
ingeborg,0
jeane,0
laurine,0
lorean,0
marge,0
margueritta,0
mozell,0
norene,0
oneta,0
rene,0
lolita,0
elouise,0
cathleen,0
bette,0
lavon,0
earnestine,0
florene,0
laverna,0
rafaela,0
germaine,0
thyra,0
loyce,0
ozie,0
cleda,0
pearline,0
ceola,0
lavera,0
marcelle,0
romaine,0
rosalyn,0
augustina,0
bonita,0
dominga,0
girtha,0
isobel,0
anona,0
jackie,0
syble,0
edris,0
santa,0
theola,0
veola,0
ceil,0
madlyn,0
vernia,0
diane,0
ellamae,0
irine,0
linnea,0
madalyn,0
roslyn,0
edrie,0
vincenza,0
yolanda,0
edra,0
orma,0
ilda,0
ardath,0
renee,0
astrid,0
beadie,0
beverly,0
doretha,0
neola,0
vela,0
wava,0
marilyn,0
evelyne,0
dimple,0
annamae,0
elease,0
williemae,0
rosaline,0
burnice,0
charline,0
charlene,0
joanne,0
theta,0
deloris,0
maureen,0
rosabelle,0
gilda,0
herminia,0
afton,0
margurite,0
otha,0
clydie,0
izola,0
rosemarie,0
arnetta,0
gladyce,0
floretta,0
merna,0
nedra,0
clementina,0
launa,0
sonia,0
aili,0
gladis,0
alease,0
madonna,0
azalee,0
colleen,0
darlene,0
macel,0
cleola,0
loree,0
meredith,0
stephania,0
dallas,0
joann,0
ozell,0
antonetta,0
arietta,0
vivienne,0
elinore,0
benita,0
glenda,0
earlene,0
arleen,0
lavern,0
ardell,0
blanchie,0
vilma,0
erline,0
felice,0
pat,0
georgette,0
yvette,0
assunta,0
helyn,0
lavonne,0
audry,0
dorathy,0
stasia,0
vita,0
jayne,0
maebell,0
paul,0
mafalda,0
sandra,0
maurice,0
olympia,0
masako,0
stacia,0
domenica,0
ingrid,0
wynona,0
bernita,0
carole,0
elenore,0
waneta,0
esperanza,0
madelene,0
roselyn,0
kathlyn,0
ardith,0
venita,0
santina,0
maryjane,0
harold,0
orene,0
noreen,0
terry,0
antionette,0
margot,0
vernell,0
dawn,0
lahoma,0
alexandra,0
maryellen,0
ruthe,0
cleone,0
kathaleen,0
aldona,0
janis,0
christeen,0
dorine,0
caryl,0
francine,0
rosaria,0
erlene,0
georgetta,0
olene,0
sheila,0
georgene,0
yoshiko,0
delora,0
lavelle,0
idamae,0
carroll,0
michelina,0
catalina,0
jack,0
raymond,0
liberty,0
victory,0
beverley,0
laurene,0
marilynn,0
jeraldine,0
marylou,0
luverne,0
cruz,0
jacquelyn,0
oneida,0
concha,0
marina,0
doreen,0
haruko,0
felipa,0
socorro,0
elois,0
toshiko,0
carlene,0
fumiko,0
soledad,0
gearldine,0
mickey,0
shirlee,0
merry,0
clarine,0
lorayne,0
marlene,0
billy,0
kiyoko,0
elwanda,0
elayne,0
darline,0
arlyne,0
gerry,0
marlys,0
mardell,0
willene,0
inell,0
venice,0
ofelia,0
toby,0
peggie,0
beatriz,0
donald,0
rochelle,0
leatrice,0
billye,0
bobby,0
darleen,0
hortencia,0
ethelene,0
marylouise,0
eris,0
bettyjane,0
penny,0
dorene,0
toni,0
lynette,0
vonda,0
amparo,0
bebe,0
phylis,0
bettylou,0
wanita,0
marceline,0
vernelle,0
ernestina,0
doloris,0
sharon,0
delois,0
pamela,0
nanette,0
ardelle,0
natalia,0
estela,0
sherry,0
twyla,0
marlyn,0
jacquelin,0
enriqueta,0
bobbye,0
brenda,0
patti,0
lorrayne,0
janell,0
ladonna,0
nada,0
carla,0
kenneth,0
evangelina,0
willodean,0
charleen,0
coleen,0
illa,0
shirlie,0
ailene,0
erlinda,0
lita,0
marilou,0
lawanda,0
charmaine,0
cherie,0
sonya,0
raquel,0
hortensia,0
valencia,0
jocelyn,0
kazuko,0
joye,0
lidia,0
roseann,0
earlean,0
ralph,0
jeannine,0
romona,0
johnny,0
jeanine,0
joline,0
felicitas,0
carma,0
melvin,0
marva,0
colette,0
sondra,0
marilee,0
jolene,0
jovita,0
dorla,0
dianne,0
margy,0
velia,0
carrol,0
arden,0
margene,0
beverlee,0
maryanne,0
joycelyn,0
merlene,0
norman,0
oralia,0
sydell,0
jill,0
ardeth,0
armida,0
marylin,0
sonja,0
laquita,0
julianne,0
nannette,0
margo,0
claudette,0
jan,0
arla,0
charlsie,0
marylyn,0
mitzi,0
patrica,0
eartha,0
herlinda,0
trudy,0
verdell,0
joretta,0
marsha,0
verlene,0
gerald,0
lynne,0
mariann,0
joetta,0
rosanne,0
belia,0
janelle,0
merilyn,0
ardyce,0
cheryl,0
rosita,0
celine,0
carleen,0
carolee,0
dian,0
dorthey,0
kathy,0
robin,0
kaye,0
marita,0
thomasina,0
jimmy,0
marta,0
noel,0
thalia,0
nira,0
sharlene,0
rheta,0
jerrie,0
ginger,0
jacklyn,0
elissa,0
paulette,0
monna,0
joellen,0
lavona,0
bonny,0
gale,0
luanne,0
saundra,0
luann,0
pearlene,0
ronald,0
nancie,0
shirlene,0
marcelina,0
sherrill,0
vicki,0
karol,0
louann,0
debra,0
alison,0
marylee,0
sharron,0
cathy,0
darla,0
norita,0
gaye,0
jeri,0
shelby,0
sandy,0
loris,0
shirleyann,0
heather,0
carolynn,0
marla,0
evonne,0
darlyne,0
vernetta,0
rhonda,0
shelba,0
shelva,0
deanna,0
karla,0
tanya,0
annmarie,0
wendy,0
ruthann,0
sherrie,0
carolann,0
evon,0
sheryl,0
jacquline,0
karlene,0
glennis,0
karin,0
marleen,0
roxanne,0
harlene,0
annamarie,0
jacque,0
maralyn,0
shari,0
holly,0
larae,0
gayla,0
deanne,0
dianna,0
simone,0
leilani,0
vickie,0
diann,0
karolyn,0
deann,0
noretta,0
shelvia,0
shelvie,0
shelia,0
shannon,0
rosario,0
janyce,0
lisa,0
jonell,0
marolyn,0
mimi,0
noreta,0
roseanne,0
lorelei,0
danielle,0
vicky,0
helaine,0
maryjo,0
deana,0
janine,0
michael,0
ronda,0
ronnie,0
leanne,0
michelle,0
cindy,0
michele,0
jennifer,0
judi,0
karel,0
karon,0
glynda,0
tamara,0
suzann,0
fran,0
nanci,0
april,0
hedy,0
shelley,0
kristin,0
mari,0
jannette,0
jerri,0
heidi,0
lyn,0
dotty,0
suellen,0
lonna,0
kathie,0
ilona,0
laraine,0
larry,0
susann,0
rona,0
sharen,0
lynnette,0
scarlett,0
belinda,0
pam,0
ruthanne,0
jody,0
juliann,0
sherron,0
donita,0
georgiann,0
jerilyn,0
sharyn,0
sherri,0
suzan,0
nyla,0
trina,0
judyth,0
nikki,0
sheri,0
jana,0
adrianne,0
georgeann,0
terri,0
caren,0
kristine,0
geri,0
jerilynn,0
karan,0
lesley,0
rosann,0
cheri,0
leann,0
phyliss,0
merrily,0
melody,0
kaaren,0
cassandra,0
aloma,0
cathie,0
sandi,0
ronna,0
christy,0
karren,0
jerrilyn,0
sheron,0
michal,0
pauletta,0
merrilee,0
terrie,0
tonya,0
sunny,0
karyn,0
chris,0
nicole,0
ginny,0
charla,0
tana,0
charolette,0
alexis,0
kerry,0
marcy,0
cheryle,0
kathi,0
karyl,0
candy,0
sherryl,0
luana,0
dennis,0
marty,0
rozanne,0
carlyn,0
jacquelynn,0
shelly,0
caron,0
suzette,0
dorinda,0
teri,0
alana,0
danna,0
maribeth,0
pamala,0
rosalinda,0
kim,0
andra,0
elyse,0
pamella,0
bobbi,0
corliss,0
cheryll,0
graciela,0
sherilyn,0
deirdre,0
gerri,0
glinda,0
gary,0
mickie,0
marybeth,0
cherrie,0
kelly,0
lauren,0
laureen,0
patrice,0
aleta,0
candice,0
kristina,0
vickey,0
nicki,0
deena,0
daryl,0
janeen,0
leigh,0
meryl,0
bettina,0
robyn,0
sharyl,0
erica,0
lani,0
leslee,0
deidre,0
katrina,0
kimberly,0
kristi,0
randy,0
cherryl,0
unknown,0
dayle,0
randi,0
kristen,0
lori,0
allison,0
jacalyn,0
starr,0
kendra,0
suzanna,0
debby,0
valarie,0
melodie,0
annemarie,0
michaele,0
kris,0
janna,0
trudi,0
sandie,0
daria,0
tammy,0
vikki,0
ricki,0
rachelle,0
tonia,0
marcie,0
candis,0
shiela,0
regenia,0
debora,0
maura,0
caryn,0
hollis,0
kristie,0
lizabeth,0
regena,0
denice,0
drema,0
shawn,0
shirleen,0
cathey,0
cristina,0
lyndia,0
blanca,0
fonda,0
renae,0
kathlene,0
loreen,0
shauna,0
sharman,0
valorie,0
sanjuanita,0
adrian,0
bethany,0
christa,0
sanjuana,0
candyce,0
lorrie,0
tara,0
pamelia,0
darcy,0
hilary,0
kristy,0
collette,0
roxann,0
stacy,0
lindsay,0
lindy,0
debrah,0
mindy,0
krista,0
leticia,0
kyle,0
terese,0
mara,0
nicolette,0
vanessa,0
merrie,0
debbra,0
jenifer,0
lourdes,0
stacey,0
geralyn,0
jaclyn,0
tracey,0
sharleen,0
lorie,0
allyson,0
angelia,0
jann,0
joleen,0
christi,0
esmeralda,0
teena,0
gwenda,0
allyn,0
rhona,0
brinda,0
pandora,0
jodi,0
kimberley,0
megan,0
lauri,0
paige,0
deborrah,0
joette,0
lise,0
jacqulyn,0
milagros,0
marlena,0
roxane,0
ellyn,0
debera,0
joni,0
robbin,0
cindi,0
tricia,0
brooke,0
doretta,0
lorri,0
danette,0
marci,0
alisa,0
kari,0
lesa,0
francesca,0
lanette,0
sharla,0
kimberlee,0
zandra,0
sheree,0
sabrina,0
valinda,0
sherie,0
joanie,0
starla,0
merri,0
kerri,0
leeann,0
vernita,0
cherri,0
bambi,0
renita,0
janel,0
desiree,0
denese,0
roni,0
sheilah,0
athena,0
jeryl,0
danita,0
gisele,0
sherree,0
debi,0
kandy,0
felecia,0
migdalia,0
dayna,0
debbi,0
debroah,0
jaye,0
monique,0
tami,0
taryn,0
lorinda,0
moira,0
melodee,0
sheryll,0
trena,0
noemi,0
leesa,0
marisa,0
dawna,0
kelley,0
tracie,0
dani,0
sheena,0
dara,0
kelli,0
shawna,0
barb,0
kathey,0
kellie,0
angel,0
wendi,0
gaylene,0
liz,0
jeanna,0
kara,0
leisa,0
chandra,0
dori,0
jami,0
meg,0
maritza,0
stacie,0
glynis,0
juli,0
babette,0
tammie,0
tamera,0
tamra,0
traci,0
tammi,0
deb,0
tamela,0
cyndi,0
gabrielle,0
cathi,0
erika,0
candi,0
jacki,0
nilda,0
keri,0
sarita,0
tia,0
bridgette,0
tamie,0
brigitte,0
suzy,0
kirsten,0
tambra,0
missy,0
gigi,0
perri,0
karrie,0
lissa,0
lanita,0
mark,0
suzie,0
bev,0
val,0
alyson,0
tresa,0
kandi,0
bridgett,0
cari,0
tori,0
edie,0
alesia,0
ivette,0
jaime,0
kerrie,0
renea,0
angelica,0
liane,0
shelli,0
lesia,0
penni,0
tonja,0
keely,0
melisa,0
tari,0
deedee,0
kayla,0
lisha,0
misty,0
deidra,0
leisha,0
elana,0
adriana,0
loriann,0
tania,0
dedra,0
evette,0
latanya,0
fawn,0
risa,0
krystal,0
deeann,0
johnna,0
velvet,0
corina,0
jeana,0
angelique,0
marnita,0
jonna,0
machelle,0
maribel,0
barbie,0
loria,0
gwyn,0
shanna,0
monika,0
trisha,0
anthony,0
alecia,0
janene,0
latonya,0
troy,0
staci,0
whitney,0
tiffany,0
stefanie,0
melonie,0
marisol,0
aretha,0
marti,0
darci,0
adriene,0
dawne,0
charisse,0
shirl,0
hillary,0
lesli,0
jena,0
brigette,0
tamala,0
shana,0
delisa,0
jayme,0
maricela,0
alyssa,0
michell,0
tonda,0
kevin,0
richelle,0
jeanmarie,0
marissa,0
melony,0
deneen,0
mia,0
kecia,0
djuna,0
djuana,0
ashley,0
noelle,0
renata,0
tessa,0
anjanette,0
denine,0
daneen,0
holli,0
kimberli,0
linette,0
christal,0
shaun,0
alisha,0
kendall,0
elaina,0
karri,0
delinda,0
tyra,0
loren,0
tawana,0
marnie,0
dionne,0
kimberlie,0
gabriela,0
casandra,0
marni,0
tangela,0
kimberely,0
shanda,0
demetria,0
lavonda,0
natasha,0
mechelle,0
shonda,0
yolonda,0
brigid,0
julianna,0
carin,0
keli,0
gia,0
latricia,0
lizette,0
cristine,0
timothy,0
bethann,0
tabatha,0
joelle,0
lara,0
sonji,0
tamatha,0
tasha,0
tatia,0
gidget,0
latonia,0
brandi,0
lashawn,0
nichole,0
alissa,0
demetra,0
joell,0
inger,0
caprice,0
dominique,0
denita,0
mellissa,0
lia,0
catrina,0
milissa,0
sunday,0
christian,0
meghan,0
andria,0
christopher,0
nichelle,0
marlo,0
cami,0
anissa,0
josette,0
lissette,0
adriane,0
windy,0
kami,0
buffy,0
brandy,0
karie,0
keisha,0
wende,0
tawnya,0
danelle,0
misti,0
tisha,0
larissa,0
darcie,0
jeffrey,0
mayra,0
sebrina,0
casey,0
ericka,0
towanda,0
michaela,0
cristy,0
cherise,0
tanja,0
carie,0
steven,0
carri,0
tiffani,0
coretta,0
tamiko,0
tamika,0
chantel,0
shannan,0
kristal,0
davina,0
shanon,0
kirstin,0
latrice,0
joey,0
jolie,0
cristi,0
cori,0
kenya,0
araceli,0
stephenie,0
melissia,0
chantal,0
corrina,0
gillian,0
rolanda,0
nicola,0
kellee,0
shani,0
chanda,0
cinnamon,0
chelsea,0
ami,0
racquel,0
nicolle,0
autumn,0
kisha,0
latasha,0
shonna,0
christin,0
latisha,0
corey,0
dione,0
jada,0
kyra,0
mindi,0
brian,0
shona,0
eric,0
mellisa,0
christen,0
alexandria,0
sharonda,0
julissa,0
britt,0
scott,0
karina,0
kira,0
tawanda,0
marisela,0
terra,0
lashonda,0
tera,0
toya,0
carissa,0
stefani,0
kasey,0
kesha,0
tisa,0
maya,0
angella,0
tiffanie,0
trista,0
raina,0
crista,0
kristan,0
tawanna,0
niki,0
serina,0
shay,0
shawnda,0
tosha,0
christel,0
tracee,0
dyan,0
tanisha,0
chantelle,0
elisha,0
stephany,0
treena,0
yesenia,0
candida,0
tarsha,0
tameka,0
ayanna,0
jenni,0
brandie,0
shantel,0
ebony,0
shayla,0
kia,0
alysia,0
jason,0
summer,0
jenna,0
brittany,0
latoya,0
cristal,0
shanta,0
shalonda,0
angelic,0
brenna,0
alycia,0
damaris,0
consuela,0
lashanda,0
adria,0
shea,0
lasonya,0
shara,0
katina,0
catina,0
cher,0
lakisha,0
chastity,0
nikole,0
contina,0
chiquita,0
shane,0
chasity,0
nichol,0
brandee,0
camisha,0
lakesha,0
anika,0
cherilyn,0
alejandra,0
lakeisha,0
latosha,0
keena,0
sasha,0
nikita,0
cory,0
cristin,0
dusty,0
rocio,0
tomika,0
tomeka,0
racheal,0
griselda,0
daniel,0
kenyatta,0
keesha,0
brook,0
liliana,0
stephaine,0
bree,0
latrina,0
felisha,0
layla,0
celena,0
jenniffer,0
rebeca,0
sherita,0
kori,0
matthew,0
alethea,0
carly,0
aisha,0
cicely,0
anitra,0
bianca,0
vonetta,0
latarsha,0
nyree,0
alexa,0
fatima,0
jasmine,0
keshia,0
daniela,0
aubrey,0
danyelle,0
mendy,0
charissa,0
shantell,0
marquita,0
briana,0
chanel,0
danyell,0
nakia,0
sunshine,0
lindsey,0
nia,0
nikia,0
regan,0
jamila,0
tanika,0
brande,0
cortney,0
meagan,0
jasmin,0
maranda,0
lakeshia,0
kyla,0
syreeta,0
luciana,0
tobi,0
alanna,0
mistie,0
tamica,0
carisa,0
cherish,0
cecily,0
haley,0
mandi,0
ryan,0
trinity,0
daniele,0
tamisha,0
tanesha,0
danyel,0
gabriella,0
lacey,0
tiana,0
mandie,0
harmony,0
shameka,0
spring,0
destiny,0
nakisha,0
tamekia,0
ayana,0
jade,0
rashida,0
yadira,0
alesha,0
kacey,0
shawanda,0
shamika,0
takisha,0
reagan,0
pepper,0
kandice,0
alina,0
meggan,0
aaron,0
farrah,0
tennille,0
nadia,0
jaimie,0
rhiannon,0
jillian,0
jammie,0
january,0
khalilah,0
janae,0
jaimee,0
farah,0
chana,0
mackenzie,0
sommer,0
shayna,0
shasta,0
torrie,0
ashlee,0
carina,0
chaka,0
jamey,0
trish,0
rayna,0
tory,0
morgan,0
brianna,0
eboni,0
kenisha,0
caitlin,0
latoria,0
torie,0
venessa,0
shanika,0
shandra,0
kizzy,0
devon,0
raven,0
qiana,0
talia,0
hayley,0
shawnte,0
shante,0
salena,0
liana,0
quiana,0
kamilah,0
shalon,0
latesha,0
iesha,0
brittney,0
danica,0
jenelle,0
yasmin,0
lashunda,0
malia,0
adrianna,0
tarah,0
tenisha,0
kelsey,0
shawnna,0
chante,0
karissa,0
corie,0
jeremy,0
chrissy,0
kylie,0
aja,0
devin,0
meghann,0
crissy,0
kiley,0
meaghan,0
shavon,0
brianne,0
krissy,0
jordan,0
shavonne,0
lacie,0
shanita,0
desirae,0
abbey,0
lyndsey,0
shaunna,0
marlana,0
ariane,0
kylee,0
ariel,0
cody,0
sierra,0
leia,0
natosha,0
ariana,0
somer,0
ashleigh,0
star,0
alaina,0
casie,0
micah,0
kindra,0
joshua,0
precious,0
kiana,0
winter,0
viviana,0
breanne,0
siobhan,0
maren,0
kylene,0
breanna,0
ashanti,0
asia,0
lyndsay,0
sharee,0
kacy,0
princess,0
ayesha,0
rikki,0
taylor,0
lynsey,0
quinn,0
shaneka,0
linsey,0
loni,0
perla,0
kristyn,0
anya,0
mariana,0
renada,0
kacie,0
britney,0
cheyenne,0
reyna,0
blair,0
chimere,0
kaci,0
justin,0
brynn,0
laci,0
tai,0
ashlie,0
jessi,0
cameron,0
tatiana,0
kati,0
krystle,0
tierra,0
tiara,0
fallon,0
brandon,0
evita,0
kaitlin,0
martine,0
kassandra,0
jesica,0
alexia,0
toccara,0
latoyia,0
tashina,0
chaya,0
joi,0
daniella,0
cassidy,0
jonathan,0
katelyn,0
kandace,0
shanell,0
kourtney,0
nereida,0
jazmin,0
chelsey,0
kaleena,0
kala,0
kassie,0
jenilee,0
emilee,0
cassondra,0
shaina,0
shakira,0
ciara,0
hailey,0
kali,0
shena,0
falon,0
tawny,0
arielle,0
ashly,0
chelsie,0
tenika,0
sharita,0
cristen,0
tabetha,0
tristan,0
krysta,0
carley,0
arianna,0
mallory,0
kaitlyn,0
ciji,0
ashely,0
kirby,0
giselle,0
tess,0
maegan,0
echo,0
stevie,0
dwan,0
britni,0
ashli,0
paola,0
ashlea,0
caitlyn,0
bailey,0
tyesha,0
maira,0
brittani,0
tasia,0
santana,0
grisel,0
kristian,0
kaylee,0
tyler,0
shenna,0
teela,0
savanna,0
breann,0
mckenzie,0
janessa,0
kasandra,0
markita,0
karly,0
magen,0
dannielle,0
nicholas,0
cierra,0
sade,0
krystina,0
micaela,0
domonique,0
dominque,0
madison,0
ciera,0
brittni,0
kayleigh,0
britany,0
paris,0
alyse,0
deandra,0
brittny,0
kaley,0
alysha,0
jazmine,0
shaquita,0
krysten,0
brittanie,0
krystin,0
magan,0
katelin,0
violeta,0
ali,0
kasie,0
jessika,0
kelsie,0
mariel,0
shira,0
jaqueline,0
amberly,0
samatha,0
ashton,0
eliana,0
halley,0
kaleigh,0
nakita,0
phylicia,0
alexander,0
brittaney,0
katlyn,0
shardae,0
jerrica,0
porsha,0
britta,0
sharde,0
cherrelle,0
katelynn,0
mallorie,0
cherelle,0
malorie,0
sable,0
kaila,0
brett,0
ashlyn,0
shanae,0
sharday,0
fabiola,0
eden,0
iliana,0
kyrie,0
leandra,0
diamond,0
shatara,0
kortney,0
janay,0
channing,0
ayla,0
cayla,0
yessenia,0
skye,0
kelsi,0
alex,0
jerica,0
tiera,0
jesenia,0
kaela,0
karli,0
porsche,0
kalyn,0
chanelle,0
alessandra,0
lakendra,0
lauryn,0
kaycee,0
kailey,0
denisse,0
jessenia,0
anjelica,0
sarai,0
gabriel,0
tianna,0
kaylin,0
kaylyn,0
denisha,0
stephani,0
kaylie,0
danae,0
shanice,0
jaleesa,0
jalisa,0
whitley,0
deja,0
taja,0
chelsi,0
genesis,0
logan,0
katlin,0
kimber,0
kiara,0
brittnee,0
kierra,0
alexandrea,0
anais,0
allyssa,0
kiersten,0
breana,0
diandra,0
sarina,0
lizbeth,0
kiera,0
katarina,0
jalissa,0
hali,0
carli,0
tiarra,0
grecia,0
moriah,0
kaitlynn,0
brittnie,0
flor,0
elizabet,0
infant,0
alexandr,0
britny,0
katherin,0
mikayla,0
audrianna,0
kirstie,0
asha,0
jordyn,0
baby,0
kallie,0
kelsea,0
bryanna,0
audriana,0
danika,0
gianna,0
makayla,0
martika,0
mikaela,0
destinee,0
brittnay,0
tayler,0
yajaira,0
yasmine,0
shaniqua,0
shanelle,0
avery,0
lizeth,0
joana,0
ryann,0
isamar,0
skylar,0
dakota,0
devan,0
latifah,0
kanisha,0
rubi,0
skyler,0
mariela,0
symone,0
riley,0
ivana,0
heaven,0
lucero,0
shelbi,0
alysa,0
dulce,0
brooklyn,0
nataly,0
imani,0
kalie,0
alannah,0
blake,0
fiona,0
kanesha,0
laken,0
haleigh,0
eryn,0
elyssa,0
shelbie,0
demi,0
harley,0
ieshia,0
makenzie,0
shanequa,0
karlee,0
haylee,0
cheyanne,0
estefania,0
halie,0
devyn,0
chynna,0
karlie,0
stormy,0
delaney,0
carlee,0
kailee,0
alayna,0
mckenna,0
shaquana,0
tiesha,0
brielle,0
marcela,0
myranda,0
miriah,0
alexus,0
kelcie,0
emerald,0
giovanna,0
bryana,0
china,0
essence,0
bria,0
aracely,0
aubree,0
chelsy,0
miesha,0
cinthia,0
chandler,0
peyton,0
payton,0
darian,0
brianda,0
hailee,0
karley,0
ashlynn,0
macey,0
tatyana,0
shawnee,0
brea,0
joselyn,0
ivonne,0
katerina,0
marlee,0
breonna,0
shaniece,0
kaylynn,0
carson,0
kinsey,0
kenia,0
destini,0
kayley,0
lexus,0
selene,0
yaritza,0
hunter,0
khadijah,0
kadijah,0
halle,0
dylan,0
brionna,0
destiney,0
jazmyn,0
yazmin,0
kendal,0
montana,0
itzel,0
kassidy,0
coraima,0
shannen,0
kailyn,0
sage,0
kalene,0
katlynn,0
lexi,0
deyanira,0
yasmeen,0
shyanne,0
viridiana,0
kaylene,0
crysta,0
reina,0
alondra,0
kayli,0
nayeli,0
jasmyn,0
aspen,0
jasmyne,0
austin,0
paloma,0
eleni,0
hana,0
aaliyah,0
aliyah,0
justice,0
dalia,0
kennedy,0
zhane,0
mckayla,0
clarisa,0
darby,0
mikala,0
dayana,0
maddison,0
kianna,0
addison,0
kenzie,0
bailee,0
sydnee,0
haylie,0
nohely,0
marley,0
makenna,0
rylee,0
vanesa,0
cydney,0
aleah,0
shyann,0
drew,0
valentina,0
caitlynn,0
tatum,0
adilene,0
london,0
isis,0
tatianna,0
baylee,0
shania,0
jocelyne,0
lyric,0
daisha,0
kaelyn,0
jayla,0
dasia,0
emely,0
sydni,0
abbigail,0
miracle,0
zoey,0
unique,0
iridian,0
brooklynn,0
alia,0
tristen,0
keanna,0
alivia,0
daija,0
sydnie,0
fernanda,0
daja,0
lesly,0
annika,0
kyleigh,0
sienna,0
ciarra,0
maci,0
destany,0
tamia,0
moesha,0
odalys,0
yamilex,0
zaria,0
mireya,0
alize,0
xena,0
dania,0
katia,0
maia,0
amani,0
shianne,0
chase,0
amari,0
madisen,0
odalis,0
kaylah,0
sarahi,0
haven,0
jailene,0
jazlyn,0
alyssia,0
chyna,0
estefany,0
sheridan,0
ansley,0
madyson,0
jaycie,0
jacey,0
lexis,0
daijah,0
joslyn,0
dejah,0
jaden,0
yulissa,0
anahi,0
reilly,0
aylin,0
julisa,0
salma,0
madisyn,0
erykah,0
gisselle,0
raegan,0
tea,0
estrella,0
jayda,0
rylie,0
camryn,0
makala,0
taya,0
kaylan,0
camila,0
annalise,0
jazmyne,0
keeley,0
shaylee,0
savana,0
armani,0
madelynn,0
micayla,0
maeve,0
nautica,0
cali,0
serenity,0
yulisa,0
baylie,0
samara,0
mya,0
ally,0
kamryn,0
myah,0
reanna,0
madilyn,0
felicity,0
ireland,0
hayden,0
skyla,0
willow,0
jaida,0
jayden,0
abigayle,0
jaelyn,0
rhianna,0
amira,0
shae,0
zoie,0
kameron,0
caleigh,0
abril,0
deasia,0
hadley,0
kaylen,0
tayla,0
jensen,0
presley,0
alexys,0
jaycee,0
jayde,0
kennedi,0
amaya,0
piper,0
aniya,0
noelia,0
kiarra,0
jadyn,0
shaniya,0
teagan,0
keara,0
parker,0
emmalee,0
aiyana,0
miya,0
jalyn,0
nyasia,0
aniyah,0
jaylene,0
kyara,0
citlalli,0
abigale,0
isabela,0
tatyanna,0
journey,0
ryleigh,0
aliya,0
sky,0
jaiden,0
shyla,0
bryn,0
abagail,0
izabella,0
nya,0
saige,0
jakayla,0
litzy,0
brisa,0
amya,0
jackeline,0
kaya,0
jaquelin,0
hailie,0
nyah,0
amara,0
dariana,0
yamilet,0
monserrat,0
jaylin,0
reese,0
cielo,0
aryanna,0
anaya,0
arely,0
kaia,0
maryam,0
anjali,0
lilliana,0
amiya,0
belen,0
aliza,0
keira,0
janiya,0
ashtyn,0
neha,0
laisha,0
amina,0
jailyn,0
kenna,0
iyana,0
maiya,0
marlen,0
nevaeh,0
ainsley,0
yuliana,0
beyonce,0
nayely,0
johana,0
nallely,0
kaiya,0
meadow,0
makaila,0
kya,0
ximena,0
jimena,0
melany,0
jamya,0
taina,0
aubrie,0
frida,0
kaliyah,0
mikaila,0
taliyah,0
taniya,0
citlali,0
annabella,0
dafne,0
hayleigh,0
yoselin,0
areli,0
madalynn,0
priscila,0
miah,0
jaidyn,0
keila,0
natalya,0
jaylynn,0
rianna,0
sheyla,0
aryana,0
elle,0
lisbeth,0
evelin,0
makena,0
jaliyah,0
emerson,0
keyla,0
giana,0
maleah,0
shreya,0
maliyah,0
samira,0
jalynn,0
akira,0
galilea,0
riya,0
cadence,0
iyanna,0
kiya,0
jaylyn,0
estefani,0
yareli,0
dayanara,0
janiyah,0
taniyah,0
sanaa,0
yahaira,0
kadence,0
amiyah,0
tamya,0
sherlyn,0
campbell,0
natalee,0
lainey,0
kayden,0
angeles,0
karyme,0
arly,0
rowan,0
saniya,0
sariah,0
phoenix,0
kaydence,0
rory,0
alani,0
amaris,0
charlize,0
kimora,0
xiomara,0
marin,0
diya,0
harper,0
treasure,0
aleena,0
saniyah,0
addyson,0
karis,0
gracelyn,0
jaylee,0
nathaly,0
livia,0
jayleen,0
janiah,0
gwyneth,0
jaylen,0
zariah,0
averie,0
heidy,0
mikalah,0
emery,0
arleth,0
karma,0
siena,0
jaelynn,0
anabelle,0
naima,0
anneliese,0
zara,0
elliana,0
kinsley,0
selah,0
jolette,0
brylee,0
myla,0
yuridia,0
montserrat,0
valery,0
finley,0
lilianna,0
leyla,0
zion,0
rihanna,0
addisyn,0
akeelah,0
adison,0
lilyana,0
nathalia,0
paisley,0
yaretzi,0
scarlet,0
braelyn,0
kamila,0
cailyn,0
bethzy,0
adyson,0
joselin,0
mariyah,0
kinley,0
jaylah,0
charlee,0
adamaris,0
malaya,0
mckinley,0
khloe,0
amirah,0
briley,0
jorja,0
rayne,0
sanai,0
dahlia,0
lorelai,0
neveah,0
izabelle,0
miley,0
mylee,0
jordin,0
jaslene,0
audrina,0
azul,0
marely,0
shiloh,0
madilynn,0
jaeda,0
jazlynn,0
londyn,0
giada,0
adelyn,0
jocelynn,0
mylie,0
adalyn,0
aliana,0
giuliana,0
azaria,0
zaniyah,0
alyvia,0
joseline,0
kelis,0
lillianna,0
kylah,0
hadassah,0
allisson,0
caylee,0
mareli,0
dayami,0
alisson,0
nylah,0
jazlene,0
adalynn,0
jaslyn,0
gemma,0
lailah,0
brynlee,0
raelynn,0
marlie,0
anabella,0
ariella,0
kamari,0
kamora,0
paityn,0
payten,0
amiah,0
averi,0
avah,0
karsyn,0
jamiya,0
laylah,0
carleigh,0
kenley,0
sloane,0
elianna,0
